id_gps;id_veiculo;data_hora;latitude;longitude;velocidade
1;50;2024-01-11 06:15:46;-22.886788;-43.250505;50.05
2;113;2024-01-06 16:49:00;-22.713701;-43.1778;66.82
3;153;2024-01-12 15:21:39;-22.744644;-43.176093;68.79
4;87;2024-01-11 09:24:10;-22.832358;-43.244634;69.67
5;155;2024-01-07 05:21:23;-22.860587;-43.112343;69.13
6;138;2024-01-29 17:19:27;-22.744478;-43.129025;69.23
7;161;2024-01-21 21:19:06;-22.864533;-43.448818;73.03
8;166;2024-01-23 19:42:46;-22.757353;-43.354702;50.95
9;177;2024-01-11 10:17:44;-22.873814;-43.431073;78.05
10;21;2024-01-06 13:39:17;-22.777842;-43.144314;32.96
11;40;2024-01-23 16:21:44;-22.767648;-43.112982;21.24
12;169;2024-01-26 14:37:16;-22.786041;-43.102728;34.88
13;54;2024-01-08 07:25:11;-22.746695;-43.242528;28.68
14;185;2024-01-05 00:05:45;-22.89642;-43.17783;7.82
15;72;2024-01-21 05:15:41;-22.78304;-43.265734;27.37
16;141;2024-01-14 11:22:39;-22.875983;-43.157475;47.21
17;43;2024-01-13 12:30:39;-22.895139;-43.257082;72.0
18;29;2024-01-11 01:40:42;-22.805091;-43.487348;38.75
19;74;2024-01-04 17:00:05;-22.843093;-43.181027;14.33
20;122;2024-01-18 05:13:51;-22.709518;-43.125283;22.36
21;164;2024-01-05 21:54:51;-22.852227;-43.344897;7.7
22;71;2024-01-12 07:56:32;-22.779404;-43.392564;33.11
23;49;2024-01-22 04:04:07;-22.87827;-43.176972;59.91
24;155;2024-01-04 03:48:20;-22.895359;-43.308014;64.7
25;13;2024-01-17 10:32:05;-22.800431;-43.317356;68.88
26;59;2024-01-09 10:51:47;-22.851769;-43.423474;37.06
27;84;2024-01-26 20:03:32;-22.884933;-43.235894;47.95
28;142;2024-01-24 06:43:25;-22.865195;-43.499059;74.83
29;16;2024-01-15 05:52:06;-22.840013;-43.133701;28.83
30;66;2024-01-01 18:18:02;-22.717231;-43.313959;19.21
31;167;2024-01-24 21:28:40;-22.807621;-43.247548;67.26
32;7;2024-01-09 11:40:01;-22.763543;-43.257526;14.01
33;19;2024-01-16 10:15:27;-22.792495;-43.49203;52.45
34;144;2024-01-22 13:18:23;-22.867133;-43.142367;8.91
35;44;2024-01-27 11:38:03;-22.721744;-43.11867;32.58
36;163;2024-01-02 14:11:42;-22.891776;-43.417938;65.08
37;147;2024-01-11 21:28:44;-22.885245;-43.334056;53.35
38;70;2024-01-13 19:41:59;-22.834204;-43.437592;73.69
39;11;2024-01-30 21:58:03;-22.825129;-43.137662;49.34
40;184;2024-01-25 22:11:19;-22.808082;-43.37716;49.62
41;31;2024-01-31 14:29:02;-22.750922;-43.290994;58.36
42;65;2024-01-21 22:29:45;-22.73872;-43.461192;26.79
43;60;2024-01-26 03:34:34;-22.861535;-43.315151;27.17
44;75;2024-01-13 09:31:29;-22.790796;-43.302577;45.19
45;46;2024-01-10 08:58:14;-22.874165;-43.454621;58.23
46;147;2024-01-28 21:58:11;-22.850184;-43.184156;17.08
47;132;2024-01-05 01:19:05;-22.753361;-43.197372;41.74
48;32;2024-01-15 10:06:04;-22.820391;-43.254534;76.56
49;166;2024-01-02 11:06:00;-22.782541;-43.283937;28.68
50;6;2024-01-08 14:57:50;-22.854959;-43.267068;57.81
51;143;2024-01-06 04:41:06;-22.765493;-43.311503;51.67
52;116;2024-01-06 11:00:25;-22.744841;-43.460495;53.26
53;61;2024-01-28 06:11:23;-22.839402;-43.14031;36.75
54;157;2024-01-23 10:07:23;-22.832718;-43.425836;57.21
55;198;2024-01-26 15:23:42;-22.832686;-43.245212;74.12
56;161;2024-01-25 08:59:12;-22.767469;-43.306535;60.04
57;62;2024-01-18 08:27:12;-22.869265;-43.220719;72.28
58;42;2024-01-22 21:06:27;-22.866919;-43.305138;32.16
59;135;2024-01-23 11:09:05;-22.748091;-43.113921;48.7
60;127;2024-01-29 22:06:24;-22.811833;-43.488363;25.92
61;149;2024-01-05 03:28:45;-22.72116;-43.405647;20.63
62;19;2024-01-18 12:27:15;-22.700794;-43.487872;75.57
63;123;2024-01-18 08:49:59;-22.76014;-43.354866;2.95
64;102;2024-01-16 13:49:57;-22.828625;-43.123698;42.49
65;76;2024-01-27 12:20:40;-22.818119;-43.249142;39.02
66;122;2024-01-20 04:43:56;-22.756687;-43.172611;14.82
67;183;2024-01-29 01:23:33;-22.832826;-43.171629;19.44
68;162;2024-01-26 15:52:09;-22.788473;-43.394253;2.32
69;10;2024-01-21 15:49:11;-22.748542;-43.230194;74.68
70;20;2024-01-10 08:09:47;-22.73441;-43.301115;38.45
71;187;2024-01-23 11:00:05;-22.83847;-43.143112;77.68
72;180;2024-01-06 15:08:22;-22.791831;-43.420262;78.84
73;184;2024-01-14 09:23:41;-22.7027;-43.135974;16.48
74;170;2024-01-28 17:51:22;-22.889665;-43.26466;45.78
75;164;2024-01-21 10:58:41;-22.836158;-43.417843;25.05
76;5;2024-01-24 08:04:54;-22.897473;-43.435649;26.6
77;13;2024-01-04 19:26:05;-22.793209;-43.312356;15.38
78;129;2024-01-25 11:55:36;-22.757935;-43.315158;16.31
79;116;2024-01-14 23:04:53;-22.865379;-43.430313;32.33
80;158;2024-01-16 03:37:03;-22.741302;-43.436181;49.92
81;143;2024-01-24 23:39:44;-22.857532;-43.275698;69.01
82;87;2024-01-02 14:05:33;-22.867254;-43.201304;5.31
83;69;2024-01-20 07:11:08;-22.866392;-43.48136;19.23
84;105;2024-01-20 10:24:31;-22.89836;-43.490559;39.16
85;52;2024-01-13 05:00:18;-22.778909;-43.106298;34.27
86;61;2024-01-03 20:10:26;-22.864017;-43.10085;66.46
87;9;2024-01-23 11:27:22;-22.779309;-43.399245;65.9
88;164;2024-01-06 04:46:34;-22.897342;-43.315808;67.8
89;161;2024-01-11 17:07:26;-22.843798;-43.245969;52.92
90;162;2024-01-26 07:46:56;-22.709411;-43.319575;79.94
91;130;2024-01-28 18:08:41;-22.742575;-43.369211;67.11
92;21;2024-01-09 13:12:25;-22.866355;-43.491851;31.78
93;126;2024-01-30 23:11:56;-22.735242;-43.455685;37.18
94;158;2024-01-08 04:16:15;-22.825642;-43.39416;79.52
95;121;2024-01-13 07:05:12;-22.746131;-43.477405;73.12
96;118;2024-01-22 12:16:49;-22.811152;-43.203195;30.92
97;159;2024-01-29 03:25:18;-22.847999;-43.136876;16.88
98;38;2024-01-01 19:27:05;-22.851464;-43.386958;27.14
99;23;2024-01-02 05:54:30;-22.8911;-43.266281;43.1
100;14;2024-01-10 21:51:55;-22.852192;-43.27114;0.74
101;118;2024-01-15 18:50:37;-22.833185;-43.41913;26.57
102;102;2024-01-26 00:35:45;-22.868592;-43.360885;18.55
103;34;2024-01-09 02:35:05;-22.819328;-43.205227;66.18
104;67;2024-01-28 06:01:28;-22.822013;-43.13424;34.51
105;189;2024-01-25 12:07:33;-22.809585;-43.121428;79.61
106;66;2024-01-27 21:23:30;-22.899808;-43.399311;69.24
107;186;2024-01-27 20:46:27;-22.706455;-43.271127;69.27
108;197;2024-01-23 16:57:29;-22.841624;-43.250289;61.13
109;169;2024-01-11 12:42:04;-22.839695;-43.393877;69.64
110;59;2024-01-22 18:40:45;-22.857468;-43.338338;35.18
111;144;2024-01-02 17:52:27;-22.806699;-43.12448;24.56
112;75;2024-01-28 00:33:27;-22.72104;-43.441954;32.73
113;63;2024-01-24 02:20:28;-22.845623;-43.252605;25.82
114;111;2024-01-28 19:06:52;-22.761503;-43.224382;60.1
115;178;2024-01-30 21:56:47;-22.796054;-43.222933;32.44
116;10;2024-01-28 07:47:24;-22.78157;-43.332451;58.5
117;28;2024-01-05 02:30:06;-22.788516;-43.23887;31.02
118;78;2024-01-05 09:09:05;-22.731209;-43.102721;19.61
119;129;2024-01-27 11:48:51;-22.718881;-43.12271;51.6
120;35;2024-01-09 01:09:04;-22.716456;-43.483932;11.84
121;126;2024-01-02 22:29:04;-22.784421;-43.272541;3.41
122;108;2024-01-12 08:27:40;-22.733626;-43.264599;25.55
123;56;2024-01-07 05:21:57;-22.774547;-43.458869;26.95
124;139;2024-01-02 06:13:49;-22.703903;-43.211723;9.46
125;152;2024-01-09 15:14:37;-22.879804;-43.13528;50.51
126;120;2024-01-10 21:02:21;-22.817369;-43.493893;30.51
127;93;2024-01-08 14:49:26;-22.756422;-43.213989;14.88
128;106;2024-01-07 08:59:47;-22.87674;-43.344809;23.06
129;101;2024-01-26 17:35:54;-22.767089;-43.427582;41.07
130;158;2024-01-16 20:00:21;-22.724216;-43.314876;11.94
131;172;2024-01-01 20:58:53;-22.763741;-43.491955;59.99
132;43;2024-01-20 04:02:03;-22.861785;-43.460998;62.81
133;74;2024-01-29 17:46:34;-22.829789;-43.459728;2.67
134;198;2024-01-19 09:32:49;-22.766289;-43.379493;10.65
135;54;2024-01-26 22:51:57;-22.746045;-43.413628;37.03
136;164;2024-01-29 19:06:42;-22.721209;-43.300757;40.19
137;10;2024-01-06 04:17:23;-22.814554;-43.250945;47.27
138;66;2024-01-14 05:37:39;-22.768426;-43.483904;47.04
139;57;2024-01-24 05:28:16;-22.745469;-43.473693;47.14
140;194;2024-01-13 20:52:25;-22.72805;-43.49337;16.46
141;63;2024-01-09 17:43:06;-22.711075;-43.418739;22.26
142;44;2024-01-25 03:47:31;-22.809727;-43.209815;21.17
143;123;2024-01-04 12:05:56;-22.830995;-43.448673;40.89
144;163;2024-01-31 12:54:08;-22.753605;-43.497079;77.5
145;88;2024-01-28 19:04:52;-22.787418;-43.138293;45.63
146;92;2024-01-22 18:11:16;-22.812056;-43.189275;56.45
147;200;2024-01-18 05:38:30;-22.727096;-43.313958;2.69
148;39;2024-01-01 01:12:32;-22.800759;-43.409676;6.79
149;130;2024-01-01 16:43:02;-22.719165;-43.49496;74.61
150;120;2024-01-24 17:33:38;-22.816538;-43.142618;9.53
151;16;2024-01-14 14:18:03;-22.82986;-43.176145;66.44
152;67;2024-01-20 23:05:35;-22.830122;-43.383097;33.79
153;94;2024-01-17 01:56:10;-22.70387;-43.358527;74.43
154;6;2024-01-20 06:34:46;-22.826232;-43.447009;1.61
155;61;2024-01-30 18:58:05;-22.764612;-43.332323;70.57
156;180;2024-01-05 16:11:58;-22.710208;-43.449359;59.47
157;150;2024-01-11 07:05:35;-22.730394;-43.336303;77.69
158;159;2024-01-16 18:03:55;-22.704119;-43.46373;50.11
159;6;2024-01-22 02:06:46;-22.788572;-43.418383;12.99
160;148;2024-01-14 10:44:25;-22.780708;-43.452325;49.03
161;68;2024-01-09 04:54:39;-22.75732;-43.485927;70.54
162;108;2024-01-25 06:51:03;-22.825792;-43.293495;66.78
163;35;2024-01-21 17:09:52;-22.84279;-43.235489;26.69
164;187;2024-01-03 11:41:31;-22.788522;-43.225508;21.18
165;49;2024-01-29 07:12:58;-22.833225;-43.360017;38.4
166;20;2024-01-31 00:07:25;-22.863444;-43.247021;34.83
167;37;2024-01-24 12:45:06;-22.849133;-43.221176;66.64
168;22;2024-01-17 22:34:49;-22.765493;-43.204943;79.71
169;98;2024-01-13 10:11:29;-22.7727;-43.218816;36.61
170;67;2024-01-08 18:33:23;-22.70829;-43.479569;19.44
171;71;2024-01-11 10:59:25;-22.766998;-43.474897;71.43
172;85;2024-01-06 22:07:31;-22.735868;-43.13466;12.99
173;196;2024-01-14 00:20:20;-22.710665;-43.371617;72.87
174;136;2024-01-03 17:29:17;-22.877423;-43.132817;2.84
175;10;2024-01-02 08:46:58;-22.818326;-43.432117;67.65
176;31;2024-01-23 23:06:55;-22.793201;-43.203004;1.79
177;57;2024-01-01 14:06:37;-22.854085;-43.438401;33.79
178;113;2024-01-31 08:46:02;-22.879736;-43.284419;7.57
179;100;2024-01-31 13:40:47;-22.888472;-43.312615;61.23
180;194;2024-01-15 10:17:15;-22.725408;-43.430093;36.97
181;121;2024-01-19 12:20:53;-22.86764;-43.369532;21.23
182;43;2024-01-31 18:27:02;-22.757891;-43.190346;51.17
183;6;2024-01-17 20:00:20;-22.863218;-43.273367;79.16
184;167;2024-01-19 09:19:17;-22.813013;-43.217347;40.77
185;103;2024-01-06 12:05:58;-22.818165;-43.237772;18.08
186;41;2024-01-29 16:19:18;-22.863924;-43.160751;39.38
187;31;2024-01-18 17:31:38;-22.787014;-43.328166;76.66
188;143;2024-01-11 12:10:44;-22.778115;-43.163301;53.3
189;55;2024-01-24 06:49:55;-22.869825;-43.416402;33.18
190;166;2024-01-09 17:22:55;-22.810563;-43.335799;7.9
191;27;2024-01-06 20:22:40;-22.790569;-43.391231;77.88
192;23;2024-01-22 12:33:26;-22.812272;-43.438498;25.62
193;123;2024-01-12 11:22:46;-22.800651;-43.325405;58.95
194;157;2024-01-05 06:16:07;-22.827885;-43.419;37.55
195;89;2024-01-25 09:10:45;-22.758089;-43.295686;4.12
196;71;2024-01-13 04:24:49;-22.748558;-43.159376;2.02
197;130;2024-01-28 10:07:21;-22.834735;-43.234844;60.26
198;105;2024-01-20 22:14:52;-22.803024;-43.103479;68.62
199;72;2024-01-15 13:48:54;-22.797701;-43.45718;47.65
200;106;2024-01-24 23:24:06;-22.772104;-43.270481;14.18
201;65;2024-01-10 00:48:34;-22.743259;-43.350448;49.11
202;40;2024-01-03 08:08:23;-22.819132;-43.224558;39.85
203;90;2024-01-11 13:22:25;-22.865041;-43.31718;62.26
204;154;2024-01-19 14:08:32;-22.865211;-43.436371;2.32
205;100;2024-01-12 04:06:58;-22.760229;-43.339687;1.58
206;29;2024-01-10 17:46:11;-22.823329;-43.128482;31.64
207;12;2024-01-02 10:31:09;-22.777549;-43.480126;78.7
208;4;2024-01-31 15:27:07;-22.871387;-43.399449;55.09
209;7;2024-01-01 22:36:42;-22.825196;-43.330608;78.44
210;99;2024-01-26 13:41:51;-22.847099;-43.303396;69.28
211;10;2024-01-20 00:54:36;-22.806836;-43.138701;53.8
212;183;2024-01-31 15:43:47;-22.837333;-43.271919;16.94
213;34;2024-01-21 18:14:23;-22.732122;-43.270719;53.41
214;29;2024-01-27 00:55:08;-22.705546;-43.274658;23.45
215;148;2024-01-01 21:55:48;-22.722054;-43.280182;16.17
216;109;2024-01-16 20:04:05;-22.710723;-43.394806;76.26
217;26;2024-01-24 05:50:26;-22.794566;-43.483277;47.41
218;135;2024-01-28 23:48:37;-22.803278;-43.329299;69.38
219;102;2024-01-25 00:43:05;-22.801096;-43.32505;42.68
220;48;2024-01-26 13:54:59;-22.772992;-43.24708;60.35
221;146;2024-01-10 16:10:52;-22.739276;-43.392915;70.03
222;54;2024-01-17 10:01:33;-22.736611;-43.41399;10.3
223;23;2024-01-26 08:36:30;-22.802295;-43.399476;43.68
224;174;2024-01-17 00:35:04;-22.748746;-43.182759;49.93
225;198;2024-01-23 12:47:53;-22.709567;-43.360483;76.86
226;114;2024-01-25 12:06:39;-22.792827;-43.351276;24.63
227;33;2024-01-31 01:40:35;-22.837137;-43.33542;34.9
228;27;2024-01-11 11:25:20;-22.879579;-43.353041;4.25
229;155;2024-01-03 17:29:30;-22.743159;-43.219573;58.73
230;165;2024-01-16 05:30:45;-22.718979;-43.314532;2.48
231;111;2024-01-29 09:37:42;-22.707445;-43.293047;0.83
232;157;2024-01-21 09:26:08;-22.887437;-43.359505;78.05
233;119;2024-01-24 13:00:24;-22.878163;-43.176864;78.56
234;149;2024-01-11 13:01:40;-22.737916;-43.451417;17.58
235;20;2024-01-21 19:31:27;-22.823505;-43.389095;53.78
236;119;2024-01-22 20:55:14;-22.840064;-43.409178;23.88
237;137;2024-01-03 04:13:18;-22.826959;-43.174775;21.6
238;41;2024-01-25 10:58:17;-22.807389;-43.45962;53.55
239;47;2024-01-05 08:06:10;-22.891238;-43.364637;34.38
240;140;2024-01-21 09:14:14;-22.84236;-43.15675;0.96
241;181;2024-01-03 03:51:56;-22.769211;-43.326534;69.26
242;7;2024-01-09 00:28:17;-22.889411;-43.339854;43.9
243;160;2024-01-14 18:32:37;-22.839584;-43.167771;26.82
244;135;2024-01-28 20:25:23;-22.714214;-43.493816;14.77
245;123;2024-01-24 01:03:56;-22.741805;-43.394577;78.01
246;155;2024-01-24 03:39:14;-22.843161;-43.209083;11.34
247;41;2024-01-05 05:26:44;-22.821247;-43.276955;43.23
248;86;2024-01-22 06:05:55;-22.753669;-43.171511;60.81
249;124;2024-01-10 21:55:38;-22.730332;-43.283768;73.72
250;115;2024-01-20 01:02:06;-22.79769;-43.155093;16.72
251;140;2024-01-19 06:50:44;-22.87877;-43.337687;9.1
252;89;2024-01-10 08:41:15;-22.881788;-43.325739;24.61
253;144;2024-01-08 06:50:43;-22.757864;-43.152032;59.01
254;53;2024-01-05 19:09:41;-22.755585;-43.199849;79.26
255;122;2024-01-11 02:29:58;-22.835296;-43.301118;22.86
256;25;2024-01-09 22:07:31;-22.886507;-43.11994;24.22
257;137;2024-01-27 14:22:22;-22.764758;-43.330928;56.36
258;7;2024-01-24 23:16:37;-22.800886;-43.376902;17.64
259;99;2024-01-08 17:22:15;-22.82459;-43.432505;9.76
260;97;2024-01-08 08:58:16;-22.703339;-43.120906;15.07
261;146;2024-01-03 18:19:12;-22.874748;-43.213533;42.81
262;149;2024-01-11 15:14:01;-22.756475;-43.217957;17.85
263;15;2024-01-12 11:59:59;-22.873099;-43.114907;1.79
264;8;2024-01-27 15:27:45;-22.700387;-43.443391;56.18
265;120;2024-01-09 14:38:04;-22.752562;-43.359172;25.47
266;82;2024-01-05 04:54:50;-22.801629;-43.359297;51.62
267;134;2024-01-10 15:32:13;-22.811175;-43.336907;21.42
268;56;2024-01-21 10:31:30;-22.73733;-43.246258;76.21
269;122;2024-01-10 08:39:19;-22.879678;-43.139096;67.79
270;109;2024-01-27 10:56:10;-22.859601;-43.25455;8.84
271;158;2024-01-27 06:10:48;-22.721842;-43.400717;77.95
272;6;2024-01-16 15:07:21;-22.797357;-43.44067;18.09
273;152;2024-01-29 18:06:40;-22.859868;-43.339404;55.86
274;186;2024-01-04 00:14:56;-22.87899;-43.314902;51.53
275;162;2024-01-21 20:33:51;-22.780488;-43.198342;23.66
276;110;2024-01-30 13:45:08;-22.73042;-43.334619;42.24
277;192;2024-01-19 04:48:53;-22.762997;-43.143336;0.37
278;66;2024-01-08 16:04:41;-22.765531;-43.175929;68.91
279;25;2024-01-13 14:05:14;-22.804319;-43.426567;51.32
280;6;2024-01-21 10:54:33;-22.722499;-43.211638;28.0
281;3;2024-01-19 15:43:38;-22.822094;-43.300043;66.62
282;86;2024-01-28 15:37:18;-22.805994;-43.10509;2.66
283;151;2024-01-13 04:51:40;-22.873638;-43.272274;50.94
284;22;2024-01-18 09:06:16;-22.711845;-43.383704;7.24
285;118;2024-01-01 16:33:00;-22.736076;-43.36807;69.86
286;57;2024-01-12 07:06:38;-22.788926;-43.485857;29.32
287;112;2024-01-27 02:43:14;-22.835477;-43.358576;17.27
288;88;2024-01-04 15:45:21;-22.790202;-43.255977;20.54
289;20;2024-01-02 16:21:28;-22.803022;-43.1276;17.3
290;187;2024-01-26 22:34:49;-22.780301;-43.23168;20.08
291;118;2024-01-24 17:54:16;-22.729362;-43.119183;38.84
292;145;2024-01-27 02:57:43;-22.796748;-43.370669;14.46
293;107;2024-01-22 03:10:23;-22.719619;-43.347063;64.43
294;27;2024-01-17 22:54:54;-22.883844;-43.414758;50.8
295;33;2024-01-11 19:51:54;-22.800991;-43.150588;16.94
296;49;2024-01-11 01:25:27;-22.808523;-43.18492;77.9
297;46;2024-01-24 23:31:41;-22.89063;-43.281653;79.53
298;178;2024-01-17 11:20:35;-22.882695;-43.165795;0.86
299;196;2024-01-27 04:11:15;-22.899054;-43.392956;2.75
300;166;2024-01-10 19:17:36;-22.770592;-43.42076;50.82
301;82;2024-01-12 11:59:11;-22.728315;-43.338339;53.43
302;177;2024-01-16 08:23:16;-22.742556;-43.254609;22.67
303;151;2024-01-29 17:19:47;-22.860738;-43.337893;69.63
304;112;2024-01-06 03:01:21;-22.768349;-43.423967;4.34
305;149;2024-01-07 15:16:12;-22.767383;-43.206202;62.86
306;88;2024-01-22 13:40:04;-22.82642;-43.149241;12.71
307;142;2024-01-19 00:43:48;-22.769911;-43.491122;18.62
308;191;2024-01-30 10:14:53;-22.803258;-43.237505;74.97
309;7;2024-01-20 11:53:30;-22.838827;-43.159308;10.64
310;86;2024-01-06 04:07:13;-22.745429;-43.258893;54.72
311;118;2024-01-02 23:38:31;-22.826752;-43.261331;23.04
312;147;2024-01-02 17:51:17;-22.860772;-43.240841;5.67
313;29;2024-01-10 14:39:40;-22.756832;-43.494498;15.13
314;177;2024-01-06 01:48:36;-22.818459;-43.370454;36.89
315;178;2024-01-13 11:52:04;-22.717783;-43.317009;44.27
316;99;2024-01-28 07:55:16;-22.741298;-43.122314;39.3
317;54;2024-01-07 22:37:47;-22.729727;-43.237742;69.09
318;43;2024-01-24 04:32:11;-22.772008;-43.320795;64.67
319;116;2024-01-16 21:01:33;-22.831041;-43.477756;4.13
320;188;2024-01-27 08:33:55;-22.74515;-43.381426;3.49
321;52;2024-01-28 01:17:28;-22.812731;-43.167114;25.24
322;102;2024-01-10 23:57:04;-22.890466;-43.263233;3.25
323;58;2024-01-03 23:04:51;-22.860503;-43.138564;17.62
324;84;2024-01-05 08:13:09;-22.754902;-43.430423;58.66
325;184;2024-01-27 22:07:32;-22.716054;-43.320878;18.98
326;64;2024-01-14 04:48:46;-22.7645;-43.387403;11.48
327;115;2024-01-11 18:08:54;-22.850035;-43.417652;29.04
328;7;2024-01-28 11:50:04;-22.819548;-43.421474;61.12
329;140;2024-01-31 11:59:54;-22.756587;-43.273724;34.05
330;103;2024-01-25 19:51:49;-22.725261;-43.223372;12.63
331;98;2024-01-20 07:50:04;-22.780129;-43.239868;0.16
332;110;2024-01-07 16:20:48;-22.700508;-43.155652;58.29
333;57;2024-01-20 15:30:16;-22.843679;-43.367277;27.75
334;19;2024-01-22 00:23:35;-22.746591;-43.298905;65.08
335;97;2024-01-09 20:24:45;-22.791805;-43.204672;72.45
336;89;2024-01-20 13:26:30;-22.805895;-43.23259;1.41
337;35;2024-01-20 22:34:56;-22.739532;-43.360003;59.54
338;114;2024-01-03 11:26:46;-22.708624;-43.136403;7.87
339;88;2024-01-26 06:18:44;-22.7191;-43.194912;37.26
340;142;2024-01-01 19:09:49;-22.81179;-43.283854;65.92
341;11;2024-01-04 10:03:12;-22.845879;-43.366482;48.87
342;114;2024-01-07 06:31:40;-22.813184;-43.208862;72.88
343;143;2024-01-28 21:14:29;-22.705887;-43.170767;36.87
344;88;2024-01-14 15:07:30;-22.828472;-43.121933;17.77
345;54;2024-01-23 14:30:47;-22.859893;-43.166797;33.3
346;52;2024-01-09 06:41:42;-22.77407;-43.165782;78.11
347;98;2024-01-04 14:53:43;-22.787976;-43.240504;8.35
348;63;2024-01-29 07:01:25;-22.780999;-43.118609;61.68
349;119;2024-01-04 21:29:10;-22.81238;-43.248931;53.29
350;174;2024-01-30 13:26:10;-22.733414;-43.232616;53.87
351;173;2024-01-26 17:58:26;-22.829723;-43.375456;58.39
352;145;2024-01-06 03:51:01;-22.844531;-43.365714;53.17
353;133;2024-01-06 01:43:58;-22.838937;-43.142143;73.68
354;29;2024-01-28 21:32:48;-22.735902;-43.316125;18.86
355;57;2024-01-29 22:59:36;-22.816784;-43.222859;22.25
356;193;2024-01-12 01:36:17;-22.837577;-43.220342;17.65
357;117;2024-01-26 09:44:50;-22.895328;-43.225254;5.72
358;194;2024-01-15 17:09:32;-22.72161;-43.210947;66.25
359;175;2024-01-19 08:54:13;-22.890579;-43.334711;48.67
360;175;2024-01-07 17:35:33;-22.702819;-43.162848;67.58
361;141;2024-01-29 16:05:40;-22.877272;-43.304947;9.28
362;42;2024-01-19 00:11:08;-22.89081;-43.216522;54.31
363;87;2024-01-25 08:52:02;-22.872487;-43.398747;30.15
364;29;2024-01-12 18:58:56;-22.885374;-43.490405;36.23
365;115;2024-01-10 04:01:20;-22.853019;-43.156972;30.37
366;149;2024-01-13 10:35:20;-22.759643;-43.441732;57.14
367;23;2024-01-28 23:17:21;-22.843341;-43.456086;19.0
368;88;2024-01-16 11:47:57;-22.823689;-43.492175;10.09
369;181;2024-01-28 15:22:26;-22.897144;-43.440457;59.15
370;100;2024-01-19 01:03:29;-22.708304;-43.109197;6.7
371;110;2024-01-11 01:52:52;-22.87568;-43.421575;13.17
372;175;2024-01-22 09:16:50;-22.832964;-43.46642;66.78
373;85;2024-01-17 09:35:34;-22.768449;-43.496471;78.88
374;122;2024-01-06 00:07:39;-22.720562;-43.39195;60.92
375;179;2024-01-09 04:52:13;-22.876122;-43.19805;55.01
376;53;2024-01-24 03:05:10;-22.783893;-43.163559;10.66
377;185;2024-01-06 03:01:17;-22.849326;-43.115903;34.55
378;25;2024-01-20 15:50:19;-22.744739;-43.129184;13.77
379;96;2024-01-29 11:02:27;-22.726774;-43.18013;60.22
380;109;2024-01-07 08:56:31;-22.889357;-43.176059;6.15
381;39;2024-01-18 12:03:58;-22.861308;-43.400536;16.68
382;177;2024-01-23 00:42:20;-22.876659;-43.359174;75.61
383;102;2024-01-21 03:11:15;-22.765788;-43.48576;29.22
384;199;2024-01-01 09:07:45;-22.84719;-43.188829;5.26
385;128;2024-01-11 10:59:01;-22.755567;-43.113538;67.98
386;74;2024-01-20 22:54:02;-22.701775;-43.335236;75.95
387;125;2024-01-13 09:39:02;-22.724307;-43.242928;4.51
388;122;2024-01-18 15:02:22;-22.714258;-43.140403;59.62
389;77;2024-01-28 19:30:44;-22.731222;-43.34487;71.65
390;19;2024-01-13 01:23:15;-22.746071;-43.432712;71.98
391;116;2024-01-06 13:30:00;-22.852188;-43.277069;36.06
392;25;2024-01-09 14:45:13;-22.814519;-43.417024;67.96
393;116;2024-01-23 23:40:30;-22.751929;-43.494163;71.12
394;175;2024-01-12 21:07:48;-22.781714;-43.305719;6.22
395;115;2024-01-12 23:23:06;-22.847113;-43.360107;34.8
396;142;2024-01-03 15:13:35;-22.748765;-43.495806;27.94
397;193;2024-01-10 23:56:56;-22.828888;-43.346194;66.67
398;16;2024-01-28 04:26:10;-22.879094;-43.244379;21.82
399;119;2024-01-28 19:54:22;-22.850377;-43.358189;47.07
400;199;2024-01-17 06:23:00;-22.885847;-43.240326;30.63
401;195;2024-01-24 15:22:29;-22.703055;-43.233193;37.26
402;163;2024-01-24 07:32:08;-22.859113;-43.333286;14.24
403;149;2024-01-09 21:24:19;-22.763071;-43.161482;59.57
404;92;2024-01-28 22:47:20;-22.792445;-43.354533;69.47
405;6;2024-01-16 05:42:42;-22.827449;-43.254712;2.49
406;68;2024-01-04 12:52:56;-22.738829;-43.334854;25.39
407;140;2024-01-21 10:06:05;-22.890648;-43.125481;21.64
408;145;2024-01-23 18:37:59;-22.856807;-43.415602;7.12
409;191;2024-01-23 21:14:14;-22.704068;-43.203917;54.56
410;174;2024-01-11 10:52:29;-22.723464;-43.499059;78.69
411;30;2024-01-24 03:39:01;-22.834396;-43.385433;11.83
412;145;2024-01-22 12:17:52;-22.874214;-43.158149;15.24
413;88;2024-01-19 22:47:15;-22.796264;-43.115225;54.89
414;171;2024-01-21 22:48:52;-22.843546;-43.148156;3.59
415;32;2024-01-19 03:56:43;-22.714092;-43.490631;32.76
416;195;2024-01-28 14:38:45;-22.897468;-43.327698;24.06
417;128;2024-01-13 03:26:33;-22.836898;-43.342544;52.94
418;162;2024-01-05 01:16:43;-22.756441;-43.202515;34.27
419;20;2024-01-17 20:07:42;-22.702487;-43.463013;24.9
420;184;2024-01-22 20:28:54;-22.790021;-43.493655;76.9
421;198;2024-01-12 11:40:02;-22.843314;-43.26466;69.58
422;48;2024-01-23 01:27:23;-22.858844;-43.23208;47.73
423;39;2024-01-12 14:10:14;-22.781804;-43.369536;55.82
424;107;2024-01-18 19:11:07;-22.83073;-43.406873;66.96
425;159;2024-01-10 01:37:19;-22.709035;-43.412453;53.42
426;19;2024-01-09 08:12:45;-22.891225;-43.146802;39.39
427;63;2024-01-03 20:26:36;-22.70763;-43.402432;74.88
428;173;2024-01-13 22:19:52;-22.770728;-43.101026;10.42
429;104;2024-01-30 04:04:15;-22.876543;-43.474736;33.08
430;72;2024-01-20 00:52:50;-22.814584;-43.175815;10.13
431;24;2024-01-18 04:48:50;-22.820258;-43.433766;61.05
432;126;2024-01-19 22:30:49;-22.73154;-43.283638;13.72
433;119;2024-01-27 20:19:29;-22.770453;-43.462272;25.73
434;155;2024-01-17 03:31:19;-22.814614;-43.214672;0.39
435;188;2024-01-08 19:48:38;-22.750538;-43.200795;47.89
436;100;2024-01-01 13:59:29;-22.787909;-43.148734;5.39
437;72;2024-01-24 16:10:43;-22.83693;-43.304445;57.88
438;116;2024-01-05 06:54:50;-22.86341;-43.478015;71.0
439;70;2024-01-09 15:40:40;-22.752507;-43.316548;29.58
440;91;2024-01-04 03:26:48;-22.776663;-43.351401;43.57
441;15;2024-01-12 08:44:05;-22.818833;-43.400444;23.51
442;63;2024-01-02 09:22:51;-22.892305;-43.496177;62.54
443;64;2024-01-09 21:27:17;-22.701949;-43.243824;54.94
444;71;2024-01-19 11:09:53;-22.703659;-43.255385;69.27
445;188;2024-01-14 20:20:53;-22.709093;-43.165706;12.01
446;108;2024-01-17 17:58:20;-22.864759;-43.359017;58.55
447;52;2024-01-29 05:44:57;-22.875835;-43.196285;76.64
448;87;2024-01-14 06:03:15;-22.810632;-43.428687;57.35
449;73;2024-01-08 15:33:40;-22.778948;-43.491729;25.27
450;179;2024-01-16 02:48:54;-22.761092;-43.38652;22.33
451;73;2024-01-02 16:47:07;-22.741815;-43.190907;53.16
452;154;2024-01-28 19:43:10;-22.766429;-43.151816;0.22
453;187;2024-01-07 09:45:48;-22.866967;-43.409373;0.57
454;13;2024-01-16 09:58:23;-22.844938;-43.263327;42.59
455;176;2024-01-09 02:02:15;-22.700659;-43.223887;67.94
456;158;2024-01-18 22:18:36;-22.730666;-43.400683;26.95
457;96;2024-01-29 05:49:35;-22.743957;-43.493185;34.37
458;60;2024-01-01 05:24:10;-22.818185;-43.18387;76.97
459;142;2024-01-09 20:24:34;-22.727418;-43.448675;68.31
460;142;2024-01-04 02:23:51;-22.880758;-43.377763;16.73
461;36;2024-01-07 16:49:02;-22.896793;-43.487372;32.27
462;117;2024-01-20 04:21:32;-22.811023;-43.441947;69.8
463;176;2024-01-13 18:15:39;-22.715487;-43.251821;6.03
464;82;2024-01-03 02:58:50;-22.784534;-43.309571;56.7
465;28;2024-01-23 23:50:24;-22.788927;-43.239895;43.72
466;62;2024-01-01 03:26:05;-22.802314;-43.325632;51.55
467;42;2024-01-14 19:29:31;-22.829218;-43.120406;22.16
468;132;2024-01-30 16:28:16;-22.863504;-43.311366;78.74
469;77;2024-01-01 13:03:49;-22.776219;-43.192161;15.34
470;71;2024-01-01 09:58:36;-22.742533;-43.180916;2.99
471;114;2024-01-30 19:10:00;-22.875468;-43.475909;56.92
472;180;2024-01-09 03:59:56;-22.740271;-43.397937;44.5
473;111;2024-01-09 15:39:35;-22.839944;-43.34677;12.66
474;166;2024-01-12 00:00:47;-22.77606;-43.250353;14.51
475;92;2024-01-11 18:36:21;-22.825036;-43.47116;76.2
476;69;2024-01-21 20:11:54;-22.759997;-43.174137;51.8
477;188;2024-01-06 09:19:34;-22.701579;-43.228723;55.62
478;131;2024-01-23 11:44:42;-22.821433;-43.260076;62.61
479;169;2024-01-07 05:58:55;-22.711362;-43.143892;60.28
480;134;2024-01-01 11:24:44;-22.702274;-43.417748;28.97
481;102;2024-01-11 19:47:08;-22.770299;-43.462325;14.66
482;146;2024-01-13 04:48:08;-22.849406;-43.343735;37.41
483;95;2024-01-25 05:49:05;-22.811851;-43.326251;72.9
484;13;2024-01-27 12:31:20;-22.874158;-43.413933;49.52
485;97;2024-01-15 09:31:27;-22.724672;-43.471164;51.88
486;167;2024-01-28 12:29:40;-22.87264;-43.319336;70.51
487;40;2024-01-04 19:25:37;-22.803579;-43.305297;74.48
488;26;2024-01-02 13:09:00;-22.722217;-43.460595;58.94
489;26;2024-01-31 20:10:32;-22.71535;-43.228206;77.6
490;103;2024-01-05 01:45:51;-22.716658;-43.337344;46.01
491;141;2024-01-24 07:48:31;-22.835816;-43.147157;68.28
492;126;2024-01-19 01:08:54;-22.801612;-43.458657;7.26
493;168;2024-01-16 14:47:00;-22.782466;-43.379249;6.76
494;62;2024-01-22 08:58:09;-22.761005;-43.425328;20.21
495;193;2024-01-12 10:07:36;-22.753385;-43.337543;54.21
496;40;2024-01-19 22:32:40;-22.87232;-43.16275;11.79
497;46;2024-01-26 02:36:51;-22.735444;-43.171507;4.37
498;106;2024-01-19 21:15:16;-22.79053;-43.102691;18.46
499;170;2024-01-28 23:17:21;-22.850326;-43.149218;56.96
500;54;2024-01-29 07:26:54;-22.892576;-43.318113;34.6
501;110;2024-01-03 12:11:26;-22.793128;-43.406333;78.1
502;88;2024-01-13 00:33:53;-22.882161;-43.228255;8.55
503;155;2024-01-06 13:10:31;-22.870677;-43.476425;8.79
504;100;2024-01-11 04:53:04;-22.787244;-43.422622;48.12
505;119;2024-01-21 06:43:24;-22.882602;-43.156828;35.24
506;141;2024-01-31 07:52:32;-22.802315;-43.155231;72.2
507;154;2024-01-14 18:36:13;-22.777676;-43.211538;3.87
508;90;2024-01-03 19:03:32;-22.82342;-43.303966;76.13
509;13;2024-01-11 12:11:33;-22.823894;-43.137775;26.5
510;64;2024-01-04 14:53:05;-22.86761;-43.283;65.46
511;92;2024-01-30 08:43:43;-22.763804;-43.228864;52.03
512;33;2024-01-20 17:39:06;-22.732432;-43.107635;4.96
513;200;2024-01-16 20:55:18;-22.778202;-43.401977;51.87
514;126;2024-01-01 00:43:20;-22.794067;-43.266767;14.28
515;193;2024-01-24 19:31:14;-22.82007;-43.366757;6.07
516;109;2024-01-31 05:57:12;-22.861439;-43.29495;13.95
517;82;2024-01-05 20:05:35;-22.719246;-43.467847;30.6
518;196;2024-01-21 02:34:37;-22.800696;-43.236513;26.33
519;74;2024-01-17 05:50:59;-22.746605;-43.371956;62.26
520;70;2024-01-31 16:19:03;-22.764413;-43.186991;52.18
521;11;2024-01-12 18:23:56;-22.748024;-43.272548;50.15
522;174;2024-01-28 07:35:47;-22.791611;-43.177423;9.82
523;114;2024-01-20 18:01:19;-22.72286;-43.479084;32.28
524;17;2024-01-18 07:07:03;-22.795872;-43.149129;46.21
525;10;2024-01-18 14:46:17;-22.865746;-43.133667;29.15
526;144;2024-01-15 16:24:03;-22.750822;-43.321582;12.25
527;126;2024-01-29 15:38:23;-22.76612;-43.232843;11.23
528;53;2024-01-27 16:01:07;-22.846178;-43.258683;79.8
529;183;2024-01-30 01:20:01;-22.859635;-43.140501;75.25
530;88;2024-01-19 06:12:22;-22.726478;-43.374789;4.41
531;29;2024-01-19 04:24:53;-22.713187;-43.104806;65.86
532;115;2024-01-05 19:06:48;-22.858472;-43.473118;25.58
533;9;2024-01-07 16:15:33;-22.870543;-43.298345;47.96
534;150;2024-01-12 01:18:46;-22.821665;-43.234402;50.17
535;20;2024-01-04 09:54:30;-22.701984;-43.296422;27.22
536;68;2024-01-16 04:28:30;-22.873751;-43.35541;37.22
537;2;2024-01-04 09:27:16;-22.758361;-43.236818;66.2
538;40;2024-01-17 15:20:27;-22.773275;-43.229098;73.59
539;72;2024-01-03 10:28:08;-22.868597;-43.326127;64.05
540;125;2024-01-24 05:56:32;-22.823923;-43.417339;77.89
541;170;2024-01-14 18:34:18;-22.822303;-43.275296;56.87
542;164;2024-01-20 23:28:19;-22.881482;-43.43489;33.56
543;122;2024-01-27 03:25:54;-22.885156;-43.449866;69.47
544;47;2024-01-14 22:30:38;-22.726235;-43.105151;7.46
545;123;2024-01-12 07:21:30;-22.888016;-43.189406;28.66
546;182;2024-01-12 15:19:49;-22.841997;-43.256074;73.2
547;68;2024-01-30 15:10:35;-22.735386;-43.296952;45.54
548;19;2024-01-05 04:51:01;-22.861395;-43.336267;36.5
549;88;2024-01-01 01:27:43;-22.73108;-43.137793;26.85
550;9;2024-01-03 07:31:56;-22.753104;-43.224643;61.55
551;22;2024-01-13 09:43:20;-22.794088;-43.237453;39.98
552;200;2024-01-15 13:37:12;-22.89029;-43.273568;48.45
553;64;2024-01-29 11:53:30;-22.837743;-43.275699;61.33
554;94;2024-01-31 11:27:41;-22.780968;-43.246125;25.26
555;89;2024-01-09 16:01:57;-22.859992;-43.304414;61.18
556;152;2024-01-01 23:04:30;-22.791872;-43.369225;55.69
557;165;2024-01-26 05:42:10;-22.705537;-43.279372;31.72
558;199;2024-01-17 00:32:09;-22.853569;-43.3048;11.56
559;188;2024-01-15 00:16:26;-22.77264;-43.231617;28.69
560;147;2024-01-21 07:51:54;-22.706459;-43.220673;14.17
561;99;2024-01-13 20:02:54;-22.823579;-43.143066;46.36
562;82;2024-01-15 16:10:40;-22.841438;-43.109964;72.97
563;167;2024-01-27 17:09:06;-22.812356;-43.204314;77.52
564;138;2024-01-15 22:23:06;-22.744465;-43.299925;67.85
565;36;2024-01-03 10:09:45;-22.758081;-43.425182;40.26
566;174;2024-01-28 02:11:04;-22.881492;-43.277101;72.53
567;177;2024-01-04 19:33:17;-22.705147;-43.186615;4.0
568;95;2024-01-20 09:40:19;-22.834401;-43.1535;6.06
569;172;2024-01-22 13:21:23;-22.777049;-43.353631;30.45
570;126;2024-01-24 13:08:50;-22.837153;-43.182188;35.07
571;81;2024-01-04 21:32:42;-22.732714;-43.435922;79.12
572;61;2024-01-04 02:23:54;-22.877253;-43.264436;6.12
573;15;2024-01-30 10:04:21;-22.782596;-43.262046;25.93
574;171;2024-01-05 06:20:08;-22.846235;-43.217766;78.96
575;31;2024-01-31 20:37:25;-22.79571;-43.473636;75.45
576;52;2024-01-14 21:52:52;-22.891199;-43.466937;15.13
577;25;2024-01-06 04:13:50;-22.829948;-43.488991;33.95
578;42;2024-01-06 21:18:57;-22.796219;-43.469625;4.24
579;86;2024-01-14 10:23:59;-22.79186;-43.249666;70.07
580;95;2024-01-27 17:58:08;-22.771194;-43.459583;50.7
581;103;2024-01-06 11:56:38;-22.847653;-43.21825;49.67
582;15;2024-01-22 13:43:34;-22.899848;-43.454178;41.02
583;83;2024-01-18 14:49:08;-22.791942;-43.300674;71.35
584;45;2024-01-06 21:26:08;-22.771354;-43.343516;70.25
585;154;2024-01-22 04:24:34;-22.870346;-43.400568;48.22
586;19;2024-01-25 02:39:25;-22.792843;-43.385308;62.33
587;200;2024-01-20 00:37:42;-22.855135;-43.494443;61.03
588;24;2024-01-26 15:38:18;-22.726088;-43.376434;39.99
589;28;2024-01-30 00:58:56;-22.80029;-43.462346;36.31
590;41;2024-01-31 14:40:15;-22.704138;-43.442316;64.23
591;50;2024-01-31 18:14:59;-22.758601;-43.327892;7.3
592;79;2024-01-06 17:09:38;-22.801526;-43.112822;25.34
593;51;2024-01-15 10:20:25;-22.741053;-43.423412;68.97
594;135;2024-01-04 13:09:35;-22.767287;-43.460054;9.87
595;145;2024-01-15 13:31:00;-22.79341;-43.418115;42.69
596;155;2024-01-20 02:00:06;-22.79377;-43.417077;31.18
597;166;2024-01-11 02:45:33;-22.833058;-43.371084;73.26
598;200;2024-01-12 02:43:03;-22.761393;-43.284588;51.67
599;143;2024-01-23 02:28:15;-22.713449;-43.412678;45.17
600;162;2024-01-18 00:38:36;-22.742117;-43.372747;50.54
601;173;2024-01-15 22:14:33;-22.887634;-43.130579;17.53
602;136;2024-01-10 05:24:05;-22.75996;-43.457345;8.82
603;145;2024-01-12 15:48:35;-22.827737;-43.309137;60.49
604;52;2024-01-09 15:51:16;-22.804633;-43.112763;53.66
605;71;2024-01-09 05:33:30;-22.729281;-43.455086;49.85
606;73;2024-01-19 05:39:31;-22.807325;-43.432812;20.71
607;159;2024-01-29 23:56:48;-22.732264;-43.156421;0.24
608;56;2024-01-27 01:16:29;-22.816494;-43.413236;76.15
609;187;2024-01-21 16:28:13;-22.709278;-43.181754;63.89
610;187;2024-01-12 05:18:42;-22.879653;-43.359055;22.02
611;134;2024-01-30 15:49:31;-22.74234;-43.220101;25.42
612;82;2024-01-24 11:59:47;-22.800685;-43.196058;74.08
613;46;2024-01-22 21:04:58;-22.818453;-43.485996;63.88
614;165;2024-01-28 21:20:42;-22.897443;-43.456954;3.6
615;132;2024-01-10 21:03:41;-22.706224;-43.402532;68.14
616;150;2024-01-26 08:43:08;-22.710237;-43.424797;10.64
617;95;2024-01-28 21:27:51;-22.852022;-43.355705;42.15
618;147;2024-01-30 06:53:58;-22.819216;-43.213278;36.46
619;23;2024-01-11 04:39:09;-22.710012;-43.345771;78.43
620;113;2024-01-30 16:07:00;-22.826532;-43.181885;42.15
621;138;2024-01-23 18:44:41;-22.816461;-43.405566;57.17
622;74;2024-01-29 03:19:05;-22.721765;-43.463439;35.62
623;42;2024-01-02 14:02:56;-22.849214;-43.25261;22.9
624;96;2024-01-23 04:04:40;-22.744672;-43.461779;36.46
625;185;2024-01-07 20:02:25;-22.768491;-43.374076;36.82
626;34;2024-01-06 11:47:47;-22.721132;-43.33705;47.82
627;145;2024-01-06 00:12:46;-22.848677;-43.364595;27.32
628;11;2024-01-07 21:20:30;-22.732563;-43.270848;10.89
629;30;2024-01-10 00:45:23;-22.863722;-43.460516;18.73
630;7;2024-01-17 16:44:12;-22.707765;-43.243162;8.34
631;190;2024-01-06 23:01:54;-22.792431;-43.127634;3.79
632;139;2024-01-31 07:25:56;-22.827913;-43.215651;11.57
633;32;2024-01-27 18:08:50;-22.828197;-43.457164;29.09
634;60;2024-01-21 21:24:12;-22.818312;-43.237096;27.26
635;179;2024-01-15 05:33:24;-22.831734;-43.451311;29.54
636;123;2024-01-30 04:36:03;-22.760672;-43.259927;49.41
637;188;2024-01-18 13:28:10;-22.849235;-43.270579;49.36
638;166;2024-01-30 04:37:45;-22.824241;-43.225844;7.45
639;187;2024-01-29 09:28:02;-22.892614;-43.186657;15.0
640;111;2024-01-06 22:57:28;-22.709545;-43.453532;8.81
641;33;2024-01-12 20:11:31;-22.867001;-43.155114;44.74
642;19;2024-01-05 02:12:30;-22.829005;-43.143064;67.89
643;35;2024-01-05 15:13:04;-22.863981;-43.1551;33.04
644;188;2024-01-07 21:31:24;-22.817648;-43.101309;10.5
645;4;2024-01-19 03:56:49;-22.848098;-43.419165;45.95
646;4;2024-01-28 05:45:42;-22.759523;-43.367174;1.92
647;78;2024-01-02 17:51:13;-22.784511;-43.292781;1.19
648;188;2024-01-21 17:11:06;-22.766718;-43.139998;78.45
649;179;2024-01-02 09:30:32;-22.84022;-43.143838;71.9
650;142;2024-01-24 11:28:52;-22.720892;-43.301006;9.39
651;52;2024-01-29 23:47:01;-22.870507;-43.153791;58.18
652;18;2024-01-05 17:36:32;-22.790764;-43.490219;29.76
653;73;2024-01-20 21:34:04;-22.717664;-43.109516;6.23
654;64;2024-01-19 11:16:10;-22.76409;-43.365714;34.04
655;77;2024-01-02 10:03:57;-22.792405;-43.169292;37.57
656;127;2024-01-18 19:55:17;-22.811141;-43.385624;9.03
657;80;2024-01-18 02:09:56;-22.835985;-43.306621;12.27
658;9;2024-01-31 07:12:20;-22.889104;-43.335419;54.91
659;93;2024-01-14 07:18:37;-22.873795;-43.328687;21.66
660;52;2024-01-05 14:34:51;-22.81646;-43.491562;38.39
661;6;2024-01-05 22:06:17;-22.833132;-43.394286;16.56
662;135;2024-01-27 07:20:26;-22.777415;-43.125968;50.57
663;27;2024-01-04 08:13:42;-22.78904;-43.385367;47.4
664;32;2024-01-10 23:40:20;-22.842792;-43.303631;15.42
665;76;2024-01-14 21:00:00;-22.783464;-43.308676;47.34
666;104;2024-01-06 09:29:25;-22.882094;-43.26297;50.66
667;160;2024-01-02 12:08:51;-22.770769;-43.295315;44.04
668;127;2024-01-07 22:36:08;-22.847482;-43.376377;28.95
669;46;2024-01-31 23:44:34;-22.783527;-43.10893;71.65
670;76;2024-01-26 21:50:34;-22.878444;-43.178476;36.6
671;88;2024-01-02 20:42:25;-22.892835;-43.294585;48.66
672;73;2024-01-22 03:37:58;-22.795802;-43.33299;9.46
673;55;2024-01-01 00:22:43;-22.88023;-43.429189;13.34
674;91;2024-01-16 01:02:37;-22.864094;-43.119165;28.35
675;84;2024-01-09 04:14:25;-22.783585;-43.343065;14.63
676;143;2024-01-15 09:28:37;-22.736495;-43.488376;68.54
677;146;2024-01-15 19:56:38;-22.769192;-43.270888;21.65
678;33;2024-01-27 11:11:37;-22.742978;-43.475867;61.39
679;194;2024-01-31 22:49:31;-22.844151;-43.423676;33.95
680;136;2024-01-21 14:45:44;-22.738805;-43.444842;72.45
681;162;2024-01-28 12:12:18;-22.776802;-43.288977;2.79
682;26;2024-01-28 01:28:20;-22.713362;-43.397582;37.11
683;151;2024-01-07 09:08:32;-22.854867;-43.157077;7.34
684;199;2024-01-31 06:13:55;-22.879109;-43.176804;76.6
685;28;2024-01-05 13:13:25;-22.733051;-43.117549;59.5
686;114;2024-01-07 10:59:55;-22.783377;-43.183935;58.34
687;155;2024-01-23 12:27:20;-22.841655;-43.308121;24.01
688;21;2024-01-29 14:46:46;-22.826685;-43.261042;0.1
689;19;2024-01-02 14:35:47;-22.762654;-43.22142;73.61
690;105;2024-01-01 18:33:18;-22.748264;-43.278372;6.24
691;152;2024-01-24 03:08:56;-22.756435;-43.371801;29.0
692;138;2024-01-22 13:30:51;-22.722364;-43.323017;57.36
693;121;2024-01-05 11:36:05;-22.890582;-43.147119;63.74
694;73;2024-01-01 06:57:46;-22.727099;-43.353183;49.7
695;88;2024-01-13 13:25:22;-22.734442;-43.237743;56.39
696;56;2024-01-07 20:30:48;-22.716365;-43.406402;75.05
697;46;2024-01-10 18:21:25;-22.717658;-43.155307;10.64
698;57;2024-01-02 17:51:30;-22.770358;-43.256526;20.52
699;119;2024-01-22 05:37:02;-22.847055;-43.411814;67.78
700;94;2024-01-30 01:10:17;-22.711195;-43.378008;2.04
701;52;2024-01-15 01:56:11;-22.847126;-43.498236;21.93
702;17;2024-01-06 11:46:16;-22.725963;-43.117555;4.09
703;183;2024-01-26 16:29:42;-22.727591;-43.154095;70.68
704;176;2024-01-26 13:09:59;-22.841959;-43.368913;31.08
705;148;2024-01-20 06:36:42;-22.730614;-43.107853;33.82
706;31;2024-01-30 07:03:11;-22.877735;-43.152395;70.38
707;11;2024-01-20 01:52:03;-22.811984;-43.328193;10.31
708;36;2024-01-12 06:06:56;-22.711681;-43.390105;73.5
709;7;2024-01-26 14:02:11;-22.816492;-43.148904;6.12
710;26;2024-01-14 11:44:56;-22.828982;-43.331099;40.7
711;191;2024-01-23 00:21:06;-22.836844;-43.128593;9.29
712;114;2024-01-01 05:34:42;-22.871862;-43.265617;64.27
713;173;2024-01-27 22:44:46;-22.855853;-43.473847;65.35
714;179;2024-01-06 08:28:11;-22.80132;-43.341725;77.72
715;154;2024-01-26 14:16:46;-22.804941;-43.273418;63.87
716;168;2024-01-15 13:46:14;-22.836288;-43.44406;69.03
717;199;2024-01-29 02:20:06;-22.828681;-43.286979;0.08
718;55;2024-01-22 18:35:07;-22.808382;-43.360711;28.0
719;141;2024-01-30 09:23:18;-22.82089;-43.187983;73.74
720;159;2024-01-19 01:38:40;-22.865392;-43.379187;5.46
721;194;2024-01-27 03:49:38;-22.885594;-43.452648;3.27
722;180;2024-01-10 00:32:13;-22.835687;-43.387518;59.68
723;128;2024-01-08 04:49:12;-22.75367;-43.200899;21.99
724;189;2024-01-05 14:36:59;-22.775395;-43.406535;44.14
725;17;2024-01-03 23:31:02;-22.733894;-43.296951;67.25
726;45;2024-01-15 15:05:53;-22.796419;-43.130457;64.36
727;107;2024-01-26 08:56:03;-22.702764;-43.103663;10.31
728;26;2024-01-13 10:42:41;-22.83118;-43.301325;1.3
729;16;2024-01-16 15:53:17;-22.777732;-43.412783;46.65
730;85;2024-01-29 02:55:18;-22.896705;-43.321597;32.73
731;117;2024-01-06 06:40:32;-22.779172;-43.369253;64.68
732;100;2024-01-29 19:22:37;-22.896166;-43.476276;39.64
733;116;2024-01-07 21:03:03;-22.773715;-43.177797;1.8
734;69;2024-01-01 23:16:57;-22.755754;-43.152678;2.67
735;86;2024-01-04 09:21:19;-22.790974;-43.381995;62.48
736;63;2024-01-01 18:29:01;-22.814078;-43.455837;6.45
737;168;2024-01-31 19:16:22;-22.774834;-43.392312;48.84
738;111;2024-01-26 04:21:26;-22.885717;-43.117115;70.17
739;77;2024-01-23 16:53:03;-22.732644;-43.185906;56.51
740;21;2024-01-29 11:22:18;-22.76766;-43.456008;74.92
741;48;2024-01-19 06:30:10;-22.706228;-43.304063;63.37
742;90;2024-01-01 18:38:44;-22.89756;-43.356764;9.54
743;156;2024-01-18 07:30:01;-22.861717;-43.489874;56.89
744;118;2024-01-25 08:01:36;-22.808821;-43.237895;46.14
745;122;2024-01-10 04:31:32;-22.825592;-43.109958;16.96
746;117;2024-01-06 22:08:05;-22.813602;-43.258982;14.51
747;45;2024-01-13 22:48:22;-22.857097;-43.19024;77.37
748;111;2024-01-05 13:56:53;-22.792493;-43.459666;11.5
749;76;2024-01-18 20:02:03;-22.83352;-43.117943;26.41
750;147;2024-01-27 06:00:17;-22.820308;-43.10256;8.17
751;111;2024-01-28 22:52:31;-22.862178;-43.333354;4.28
752;130;2024-01-12 16:31:18;-22.894766;-43.236875;2.82
753;83;2024-01-26 19:16:47;-22.778415;-43.442186;29.67
754;132;2024-01-08 05:21:09;-22.79049;-43.158097;7.98
755;161;2024-01-07 12:44:45;-22.819837;-43.255907;21.34
756;182;2024-01-11 06:01:29;-22.885315;-43.389081;73.55
757;139;2024-01-27 04:26:46;-22.753862;-43.349729;68.65
758;190;2024-01-20 14:58:20;-22.70404;-43.232653;13.39
759;122;2024-01-04 15:05:22;-22.8221;-43.290208;40.31
760;10;2024-01-02 12:20:41;-22.734958;-43.344646;23.78
761;186;2024-01-16 18:30:36;-22.866187;-43.434251;67.81
762;89;2024-01-24 12:26:49;-22.843305;-43.373182;44.93
763;112;2024-01-31 08:13:23;-22.767833;-43.164298;38.0
764;85;2024-01-22 00:13:09;-22.710006;-43.48867;25.65
765;91;2024-01-31 06:08:26;-22.704018;-43.273928;61.57
766;123;2024-01-08 03:35:05;-22.894326;-43.23661;48.5
767;127;2024-01-18 21:45:26;-22.708204;-43.324195;69.03
768;171;2024-01-08 16:20:41;-22.799846;-43.18109;79.69
769;70;2024-01-28 14:11:09;-22.874595;-43.27825;47.87
770;103;2024-01-29 18:58:21;-22.868301;-43.414992;0.08
771;149;2024-01-21 09:39:00;-22.770996;-43.12073;73.53
772;117;2024-01-11 04:47:27;-22.770606;-43.34758;36.71
773;4;2024-01-20 19:49:47;-22.754577;-43.332563;54.65
774;73;2024-01-01 04:47:47;-22.794964;-43.348311;10.85
775;122;2024-01-27 09:55:39;-22.830119;-43.276366;72.45
776;142;2024-01-09 21:37:54;-22.858887;-43.420381;22.02
777;195;2024-01-22 05:28:34;-22.864608;-43.3116;33.57
778;4;2024-01-13 05:33:00;-22.72214;-43.413604;15.4
779;131;2024-01-12 04:28:28;-22.890539;-43.168178;37.08
780;38;2024-01-29 14:14:01;-22.753127;-43.22027;32.63
781;108;2024-01-25 16:55:28;-22.789149;-43.305178;47.69
782;18;2024-01-20 19:25:07;-22.745415;-43.203937;14.27
783;191;2024-01-02 04:57:37;-22.832721;-43.183976;70.58
784;169;2024-01-14 03:34:32;-22.782127;-43.337349;10.15
785;10;2024-01-06 11:42:47;-22.816774;-43.347719;28.91
786;124;2024-01-04 23:43:13;-22.895485;-43.46268;55.58
787;76;2024-01-27 01:28:01;-22.753984;-43.390644;66.88
788;88;2024-01-17 10:38:29;-22.83594;-43.380724;15.71
789;174;2024-01-03 18:37:57;-22.73874;-43.455456;14.01
790;112;2024-01-24 21:29:24;-22.793588;-43.272941;53.64
791;64;2024-01-15 17:44:50;-22.790938;-43.170143;70.57
792;136;2024-01-06 15:29:25;-22.777591;-43.111732;44.87
793;89;2024-01-13 02:00:23;-22.865046;-43.313165;4.5
794;65;2024-01-11 04:42:56;-22.726856;-43.452966;57.92
795;116;2024-01-15 10:52:25;-22.730717;-43.2362;54.42
796;114;2024-01-29 04:57:50;-22.872046;-43.454853;6.84
797;71;2024-01-17 05:06:04;-22.896099;-43.356722;6.48
798;83;2024-01-29 14:56:28;-22.780249;-43.168691;3.32
799;94;2024-01-02 22:02:46;-22.832988;-43.40174;65.74
800;113;2024-01-01 01:56:09;-22.822299;-43.39081;73.85
801;170;2024-01-05 19:22:41;-22.78135;-43.413643;56.48
802;154;2024-01-13 18:41:23;-22.835199;-43.379332;42.31
803;64;2024-01-15 19:28:36;-22.722997;-43.386454;23.22
804;119;2024-01-19 18:56:46;-22.74912;-43.109377;44.61
805;50;2024-01-22 03:37:51;-22.899183;-43.395744;68.25
806;9;2024-01-19 08:33:38;-22.742717;-43.423682;77.87
807;93;2024-01-11 23:20:13;-22.896177;-43.201527;39.34
808;19;2024-01-11 06:40:28;-22.711564;-43.233622;32.97
809;38;2024-01-31 17:52:24;-22.817225;-43.300238;17.25
810;186;2024-01-02 03:12:56;-22.775024;-43.457531;36.16
811;186;2024-01-01 10:12:15;-22.867691;-43.102027;14.04
812;15;2024-01-24 15:29:31;-22.857604;-43.471467;62.97
813;58;2024-01-20 17:43:41;-22.852471;-43.406904;56.79
814;78;2024-01-10 05:12:09;-22.772958;-43.218911;10.06
815;155;2024-01-30 14:45:25;-22.708998;-43.271887;38.86
816;47;2024-01-03 13:45:35;-22.766632;-43.257935;11.56
817;151;2024-01-20 23:44:14;-22.754517;-43.386467;64.12
818;136;2024-01-02 04:38:25;-22.856902;-43.101117;60.5
819;48;2024-01-31 08:03:40;-22.885645;-43.254124;75.82
820;128;2024-01-04 02:46:07;-22.849314;-43.434294;53.08
821;93;2024-01-21 13:03:49;-22.752408;-43.350567;50.13
822;129;2024-01-14 14:34:02;-22.863548;-43.294323;39.91
823;18;2024-01-14 15:12:26;-22.829728;-43.487442;49.0
824;199;2024-01-16 05:57:33;-22.724868;-43.293727;39.1
825;67;2024-01-27 06:43:47;-22.713075;-43.412484;13.66
826;131;2024-01-09 07:20:56;-22.894212;-43.270322;42.93
827;104;2024-01-19 21:34:08;-22.840399;-43.49112;28.84
828;135;2024-01-10 20:11:13;-22.742634;-43.111549;3.66
829;162;2024-01-12 11:29:18;-22.763052;-43.394691;73.69
830;78;2024-01-25 01:42:51;-22.878154;-43.105248;32.59
831;166;2024-01-30 05:33:12;-22.751554;-43.483188;64.03
832;141;2024-01-31 00:47:03;-22.887978;-43.229061;25.9
833;49;2024-01-01 08:55:06;-22.710568;-43.208658;2.36
834;25;2024-01-06 20:15:49;-22.742418;-43.302824;52.18
835;46;2024-01-25 09:46:07;-22.758124;-43.191753;77.61
836;195;2024-01-09 01:25:27;-22.829094;-43.189498;73.92
837;45;2024-01-08 10:15:53;-22.855706;-43.227975;21.63
838;47;2024-01-08 04:58:13;-22.792011;-43.318744;59.91
839;28;2024-01-30 21:14:49;-22.813756;-43.359796;73.79
840;14;2024-01-18 21:47:25;-22.721893;-43.316116;9.43
841;111;2024-01-16 04:39:33;-22.780523;-43.215225;63.92
842;77;2024-01-18 12:06:10;-22.807013;-43.423748;29.97
843;14;2024-01-15 09:46:13;-22.785845;-43.281414;16.41
844;46;2024-01-12 08:31:41;-22.826906;-43.115027;37.7
845;10;2024-01-03 18:18:35;-22.861182;-43.16188;74.12
846;164;2024-01-20 21:23:53;-22.855131;-43.109106;21.23
847;199;2024-01-13 22:18:04;-22.737339;-43.426237;55.71
848;36;2024-01-08 19:45:54;-22.882312;-43.305503;6.8
849;147;2024-01-22 09:17:50;-22.892095;-43.252034;78.48
850;150;2024-01-11 05:54:22;-22.886592;-43.345715;70.79
851;88;2024-01-03 16:54:56;-22.700743;-43.301017;38.2
852;3;2024-01-28 10:28:59;-22.844974;-43.395083;25.36
853;173;2024-01-28 12:56:59;-22.823404;-43.143297;13.29
854;192;2024-01-03 14:56:54;-22.835408;-43.128602;21.22
855;83;2024-01-10 10:07:31;-22.801916;-43.236798;59.0
856;192;2024-01-18 08:03:24;-22.824615;-43.110342;16.93
857;196;2024-01-18 10:33:28;-22.83326;-43.278581;9.01
858;119;2024-01-17 03:31:04;-22.861567;-43.199522;36.37
859;135;2024-01-22 20:07:07;-22.771801;-43.174905;79.29
860;157;2024-01-24 11:02:54;-22.808402;-43.473295;10.84
861;139;2024-01-28 09:58:34;-22.771255;-43.414939;43.32
862;148;2024-01-08 06:58:26;-22.782587;-43.340109;67.32
863;123;2024-01-02 05:55:17;-22.742823;-43.355422;70.91
864;51;2024-01-14 22:51:25;-22.852762;-43.348155;77.2
865;74;2024-01-03 05:13:30;-22.820055;-43.297345;78.45
866;60;2024-01-26 14:46:31;-22.886491;-43.378249;65.68
867;16;2024-01-25 05:56:04;-22.76116;-43.454896;18.33
868;6;2024-01-28 09:38:32;-22.892496;-43.205882;58.5
869;69;2024-01-14 20:49:24;-22.807595;-43.26366;39.36
870;57;2024-01-23 16:18:01;-22.842273;-43.124217;19.06
871;163;2024-01-27 23:59:54;-22.730017;-43.272509;35.45
872;51;2024-01-21 07:13:30;-22.865366;-43.278251;14.23
873;29;2024-01-23 19:42:18;-22.882102;-43.256151;16.08
874;97;2024-01-22 14:55:00;-22.767846;-43.440784;72.7
875;166;2024-01-10 06:02:04;-22.842902;-43.296954;69.14
876;33;2024-01-08 15:43:09;-22.723298;-43.10383;30.39
877;151;2024-01-15 15:26:33;-22.727307;-43.345843;36.22
878;140;2024-01-06 21:16:16;-22.810598;-43.340089;28.8
879;1;2024-01-21 18:39:35;-22.851764;-43.289849;47.79
880;61;2024-01-23 02:26:28;-22.731181;-43.293099;78.32
881;33;2024-01-26 01:46:19;-22.885563;-43.281165;16.74
882;192;2024-01-28 14:08:46;-22.742639;-43.33356;31.61
883;24;2024-01-18 22:15:41;-22.702653;-43.223467;19.8
884;88;2024-01-12 20:16:35;-22.762721;-43.411572;77.57
885;51;2024-01-19 01:57:40;-22.831354;-43.201292;74.12
886;45;2024-01-09 12:25:09;-22.718988;-43.428752;66.51
887;34;2024-01-07 06:41:28;-22.844303;-43.224624;57.15
888;99;2024-01-29 01:43:41;-22.885341;-43.316369;15.08
889;199;2024-01-12 20:55:41;-22.742094;-43.241262;70.06
890;124;2024-01-27 08:01:11;-22.817491;-43.416682;35.55
891;82;2024-01-10 08:06:46;-22.874275;-43.485237;41.37
892;36;2024-01-29 09:52:13;-22.856995;-43.124223;57.71
893;183;2024-01-24 02:55:35;-22.81678;-43.16684;34.81
894;7;2024-01-25 23:00:19;-22.80811;-43.147995;34.36
895;88;2024-01-26 04:00:20;-22.789315;-43.314296;30.98
896;118;2024-01-30 17:22:24;-22.865765;-43.264555;34.03
897;85;2024-01-08 21:12:21;-22.748007;-43.390801;76.06
898;56;2024-01-07 19:15:02;-22.766374;-43.139502;25.2
899;140;2024-01-18 16:51:20;-22.838963;-43.493736;79.84
900;34;2024-01-14 22:04:09;-22.839085;-43.449268;71.4
901;150;2024-01-09 00:39:14;-22.732917;-43.37612;39.6
902;77;2024-01-15 06:57:26;-22.780163;-43.307462;18.59
903;139;2024-01-19 16:18:25;-22.773176;-43.385822;11.15
904;58;2024-01-28 00:58:29;-22.770124;-43.100186;70.2
905;44;2024-01-19 09:39:42;-22.757134;-43.287432;42.55
906;106;2024-01-09 05:02:04;-22.7934;-43.326277;72.64
907;142;2024-01-10 17:42:18;-22.802604;-43.461778;41.0
908;123;2024-01-05 07:35:34;-22.762092;-43.496405;9.4
909;9;2024-01-15 21:25:14;-22.846726;-43.353962;36.28
910;55;2024-01-14 07:08:05;-22.8213;-43.334597;11.57
911;91;2024-01-19 08:25:42;-22.745691;-43.389195;77.91
912;191;2024-01-22 20:39:50;-22.857797;-43.48992;66.26
913;61;2024-01-31 10:33:20;-22.784534;-43.278584;53.82
914;102;2024-01-12 17:22:46;-22.787029;-43.210421;24.81
915;189;2024-01-15 19:29:24;-22.759439;-43.290839;58.94
916;64;2024-01-10 12:35:15;-22.791826;-43.489287;14.54
917;100;2024-01-19 06:22:13;-22.835162;-43.498687;66.31
918;187;2024-01-30 12:09:31;-22.870022;-43.340394;13.07
919;115;2024-01-17 16:11:25;-22.875126;-43.151846;61.05
920;115;2024-01-12 01:56:35;-22.891463;-43.429096;45.22
921;21;2024-01-17 04:34:48;-22.812277;-43.309235;22.37
922;150;2024-01-29 19:19:04;-22.759921;-43.253625;41.28
923;101;2024-01-31 08:20:50;-22.839399;-43.228798;39.74
924;157;2024-01-01 12:29:14;-22.837317;-43.175163;55.46
925;73;2024-01-06 08:56:11;-22.721812;-43.268526;74.21
926;167;2024-01-09 10:49:10;-22.700567;-43.323728;43.68
927;154;2024-01-25 22:13:57;-22.880268;-43.379451;1.02
928;164;2024-01-07 12:01:32;-22.747694;-43.321904;74.13
929;113;2024-01-19 11:34:49;-22.826434;-43.233168;22.58
930;185;2024-01-22 03:14:41;-22.796852;-43.118574;20.07
931;163;2024-01-26 19:39:18;-22.897947;-43.362445;73.97
932;95;2024-01-30 14:51:12;-22.873201;-43.345806;79.78
933;32;2024-01-23 14:13:08;-22.793211;-43.44763;39.79
934;155;2024-01-25 12:24:12;-22.741411;-43.136602;56.36
935;169;2024-01-26 03:26:20;-22.87869;-43.322792;38.35
936;31;2024-01-31 17:52:31;-22.879602;-43.279011;68.98
937;130;2024-01-11 16:10:39;-22.701578;-43.435251;2.72
938;128;2024-01-03 09:20:25;-22.871153;-43.118414;76.81
939;113;2024-01-11 11:18:57;-22.810736;-43.264919;43.63
940;68;2024-01-08 21:12:02;-22.718628;-43.346977;68.99
941;15;2024-01-21 20:21:53;-22.898313;-43.123133;18.9
942;33;2024-01-05 15:15:38;-22.704079;-43.148543;22.87
943;170;2024-01-31 06:05:06;-22.711573;-43.24121;45.23
944;40;2024-01-24 15:11:30;-22.837818;-43.478341;35.47
945;119;2024-01-30 23:39:03;-22.740349;-43.177116;52.53
946;134;2024-01-11 16:57:42;-22.774238;-43.271483;76.25
947;107;2024-01-25 05:12:52;-22.738693;-43.256806;12.27
948;35;2024-01-20 08:42:26;-22.833292;-43.385785;21.45
949;7;2024-01-21 02:32:19;-22.707615;-43.496551;48.28
950;32;2024-01-13 00:26:38;-22.723219;-43.239366;42.48
951;39;2024-01-18 22:24:34;-22.718956;-43.238342;63.87
952;104;2024-01-27 07:57:58;-22.882983;-43.301082;0.12
953;91;2024-01-10 16:45:11;-22.880037;-43.349379;36.99
954;74;2024-01-21 22:54:28;-22.824208;-43.133248;1.52
955;47;2024-01-28 08:21:04;-22.822591;-43.367806;7.74
956;24;2024-01-09 11:43:28;-22.891203;-43.398273;59.55
957;67;2024-01-29 10:53:57;-22.784595;-43.15668;42.84
958;59;2024-01-15 18:05:08;-22.858013;-43.295784;17.26
959;187;2024-01-23 04:53:07;-22.765423;-43.429964;72.39
960;134;2024-01-05 08:41:45;-22.751024;-43.269062;44.13
961;61;2024-01-20 15:59:00;-22.793205;-43.21135;30.88
962;69;2024-01-10 03:24:35;-22.710812;-43.128428;30.82
963;95;2024-01-23 09:57:07;-22.727917;-43.231177;60.63
964;167;2024-01-03 01:50:51;-22.732336;-43.111976;65.7
965;62;2024-01-28 03:22:28;-22.743456;-43.177484;13.21
966;143;2024-01-26 07:17:20;-22.748602;-43.111478;73.58
967;146;2024-01-09 12:33:54;-22.83255;-43.371007;23.21
968;162;2024-01-03 10:11:27;-22.852376;-43.188557;28.11
969;98;2024-01-13 21:12:23;-22.863302;-43.222279;56.58
970;133;2024-01-02 07:34:36;-22.739943;-43.406123;76.81
971;75;2024-01-08 22:03:10;-22.827024;-43.425674;45.67
972;68;2024-01-16 23:44:59;-22.877398;-43.464005;9.81
973;182;2024-01-20 11:45:32;-22.727196;-43.306499;78.23
974;191;2024-01-22 05:25:31;-22.794292;-43.218062;27.28
975;15;2024-01-23 00:19:02;-22.810604;-43.264993;32.71
976;160;2024-01-10 07:43:43;-22.757448;-43.132344;16.24
977;20;2024-01-13 12:02:11;-22.803757;-43.387406;35.25
978;35;2024-01-12 01:39:38;-22.768227;-43.129306;76.25
979;49;2024-01-10 05:05:04;-22.83971;-43.453186;47.43
980;41;2024-01-15 14:23:18;-22.725678;-43.13607;57.46
981;185;2024-01-19 04:21:25;-22.797737;-43.208499;62.17
982;78;2024-01-24 22:35:08;-22.840904;-43.190846;42.48
983;50;2024-01-03 19:08:58;-22.75457;-43.419415;24.57
984;8;2024-01-10 13:16:27;-22.724234;-43.170966;40.07
985;35;2024-01-07 02:44:39;-22.754529;-43.17928;58.09
986;120;2024-01-29 15:02:11;-22.731436;-43.244265;74.65
987;22;2024-01-17 02:54:43;-22.742524;-43.449944;56.31
988;155;2024-01-09 00:48:23;-22.728615;-43.287324;1.9
989;146;2024-01-03 09:46:02;-22.865019;-43.284164;35.25
990;35;2024-01-14 10:12:52;-22.789038;-43.20526;29.54
991;64;2024-01-04 05:52:27;-22.8067;-43.488834;9.18
992;89;2024-01-25 13:18:10;-22.856736;-43.29786;70.03
993;45;2024-01-14 07:55:31;-22.737661;-43.199498;8.08
994;154;2024-01-05 07:30:14;-22.725558;-43.430405;64.41
995;93;2024-01-10 16:53:46;-22.706276;-43.181874;8.57
996;195;2024-01-09 02:45:21;-22.732364;-43.462043;49.86
997;50;2024-01-04 16:50:01;-22.85064;-43.338844;76.65
998;61;2024-01-11 16:28:13;-22.833383;-43.313517;1.61
999;16;2024-01-20 04:58:43;-22.868338;-43.302347;40.71
1000;52;2024-01-23 17:48:16;-22.73715;-43.27624;75.95
