id_viagem;id_cartao;id_veiculo;data_hora;local_embarque
1;140;79;2024-01-25 18:31:32;Ponto 45
2;122;60;2024-01-18 16:23:20;Ponto 21
3;974;181;2024-01-04 15:19:18;Ponto 20
4;41;179;2024-01-10 02:51:30;Ponto 31
5;890;34;2024-01-01 08:09:20;Ponto 7
6;622;120;2024-01-31 04:07:13;Ponto 49
7;18;106;2024-01-19 08:57:18;Ponto 19
8;914;60;2024-01-05 23:26:31;Ponto 25
9;534;48;2024-01-31 13:13:35;Ponto 3
10;957;7;2024-01-20 06:20:07;Ponto 33
11;475;9;2024-01-25 22:46:22;Ponto 31
12;940;143;2024-01-14 07:16:46;Ponto 19
13;643;139;2024-01-12 06:03:48;Ponto 26
14;493;165;2024-01-26 13:27:32;Ponto 4
15;953;158;2024-01-14 03:48:31;Ponto 12
16;284;135;2024-01-19 12:15:30;Ponto 21
17;606;8;2024-01-28 05:00:15;Ponto 1
18;485;182;2024-01-31 22:23:27;Ponto 37
19;48;110;2024-01-01 00:31:27;Ponto 3
20;665;4;2024-01-16 14:00:31;Ponto 48
21;723;99;2024-01-18 04:00:17;Ponto 15
22;414;141;2024-01-27 21:01:56;Ponto 5
23;747;23;2024-01-03 12:08:33;Ponto 26
24;540;167;2024-01-19 02:08:49;Ponto 26
25;389;137;2024-01-01 10:31:08;Ponto 36
26;133;193;2024-01-15 10:34:15;Ponto 15
27;39;53;2024-01-06 08:33:24;Ponto 37
28;957;173;2024-01-15 18:38:25;Ponto 21
29;630;12;2024-01-26 09:27:47;Ponto 34
30;483;200;2024-01-15 06:20:05;Ponto 3
31;222;163;2024-01-20 21:01:35;Ponto 31
32;575;190;2024-01-20 21:00:57;Ponto 19
33;349;174;2024-01-30 13:35:36;Ponto 39
34;293;32;2024-01-28 21:18:15;Ponto 39
35;14;68;2024-01-28 07:52:00;Ponto 23
36;793;18;2024-01-18 19:27:59;Ponto 11
37;168;146;2024-01-14 17:57:19;Ponto 10
38;473;100;2024-01-02 02:04:31;Ponto 35
39;846;90;2024-01-10 11:43:32;Ponto 39
40;103;44;2024-01-05 06:51:26;Ponto 34
41;276;126;2024-01-25 02:00:13;Ponto 3
42;183;179;2024-01-18 21:00:14;Ponto 33
43;383;162;2024-01-22 23:18:12;Ponto 47
44;944;48;2024-01-15 00:54:53;Ponto 16
45;850;94;2024-01-17 02:55:29;Ponto 30
46;178;69;2024-01-03 05:22:50;Ponto 19
47;783;156;2024-01-27 18:02:17;Ponto 40
48;665;120;2024-01-05 10:01:16;Ponto 36
49;888;1;2024-01-03 12:53:11;Ponto 46
50;970;109;2024-01-05 12:17:42;Ponto 11
51;697;54;2024-01-06 09:16:44;Ponto 34
52;757;188;2024-01-16 13:59:38;Ponto 44
53;978;67;2024-01-19 19:01:32;Ponto 47
54;353;139;2024-01-31 23:43:22;Ponto 14
55;188;39;2024-01-01 16:20:12;Ponto 44
56;802;44;2024-01-10 02:37:49;Ponto 47
57;402;104;2024-01-31 16:56:25;Ponto 8
58;831;171;2024-01-09 03:59:50;Ponto 14
59;926;149;2024-01-25 17:35:07;Ponto 21
60;98;39;2024-01-29 23:03:48;Ponto 14
61;195;43;2024-01-27 00:59:37;Ponto 49
62;238;178;2024-01-24 02:18:25;Ponto 50
63;149;20;2024-01-12 08:48:49;Ponto 42
64;46;140;2024-01-29 07:59:53;Ponto 32
65;65;108;2024-01-20 05:19:54;Ponto 36
66;10;79;2024-01-15 07:12:25;Ponto 48
67;532;121;2024-01-03 14:02:31;Ponto 26
68;286;23;2024-01-19 15:24:30;Ponto 21
69;139;59;2024-01-01 13:27:29;Ponto 25
70;44;116;2024-01-08 14:00:26;Ponto 15
71;271;101;2024-01-24 01:42:32;Ponto 40
72;505;35;2024-01-01 10:24:51;Ponto 35
73;241;97;2024-01-28 06:33:22;Ponto 22
74;15;167;2024-01-22 21:50:43;Ponto 29
75;538;110;2024-01-17 00:48:50;Ponto 4
76;945;119;2024-01-25 09:22:13;Ponto 16
77;367;169;2024-01-26 00:00:06;Ponto 44
78;172;174;2024-01-06 21:36:00;Ponto 18
79;835;58;2024-01-08 10:48:53;Ponto 48
80;393;121;2024-01-22 20:59:32;Ponto 38
81;177;26;2024-01-06 11:15:24;Ponto 16
82;817;195;2024-01-18 12:34:20;Ponto 16
83;416;129;2024-01-30 02:24:17;Ponto 49
84;299;47;2024-01-18 13:56:07;Ponto 10
85;757;97;2024-01-11 03:03:48;Ponto 48
86;252;195;2024-01-13 20:53:21;Ponto 46
87;344;133;2024-01-19 18:06:32;Ponto 11
88;804;134;2024-01-24 12:44:39;Ponto 8
89;177;6;2024-01-29 02:09:21;Ponto 31
90;201;70;2024-01-28 13:18:01;Ponto 33
91;585;101;2024-01-12 05:34:11;Ponto 21
92;394;19;2024-01-22 20:41:27;Ponto 21
93;181;119;2024-01-07 23:00:29;Ponto 13
94;180;132;2024-01-14 10:58:53;Ponto 43
95;280;46;2024-01-20 01:06:17;Ponto 26
96;389;14;2024-01-11 05:46:01;Ponto 37
97;844;37;2024-01-30 07:18:40;Ponto 42
98;319;120;2024-01-04 01:17:02;Ponto 7
99;954;154;2024-01-17 16:51:52;Ponto 24
100;184;172;2024-01-12 00:41:59;Ponto 15
101;441;124;2024-01-01 20:35:55;Ponto 8
102;550;122;2024-01-20 11:09:54;Ponto 12
103;522;169;2024-01-02 19:19:31;Ponto 16
104;652;181;2024-01-01 18:34:37;Ponto 40
105;443;75;2024-01-26 07:33:55;Ponto 48
106;155;46;2024-01-08 20:24:32;Ponto 49
107;512;41;2024-01-29 20:25:50;Ponto 26
108;95;57;2024-01-28 20:16:01;Ponto 10
109;112;21;2024-01-22 11:39:51;Ponto 32
110;535;116;2024-01-08 05:24:20;Ponto 12
111;19;47;2024-01-15 16:16:57;Ponto 21
112;140;135;2024-01-31 17:07:17;Ponto 9
113;175;125;2024-01-04 18:02:50;Ponto 15
114;167;124;2024-01-14 18:02:35;Ponto 23
115;572;40;2024-01-21 05:20:47;Ponto 50
116;952;171;2024-01-14 17:21:08;Ponto 39
117;455;96;2024-01-15 13:08:36;Ponto 47
118;102;24;2024-01-24 04:57:01;Ponto 24
119;662;6;2024-01-28 23:04:10;Ponto 34
120;68;64;2024-01-03 03:50:08;Ponto 14
121;945;64;2024-01-03 01:33:20;Ponto 25
122;439;199;2024-01-29 07:22:00;Ponto 28
123;298;22;2024-01-12 03:59:01;Ponto 13
124;344;111;2024-01-29 01:27:46;Ponto 18
125;257;170;2024-01-06 01:54:29;Ponto 28
126;304;135;2024-01-05 21:58:38;Ponto 3
127;643;77;2024-01-05 12:34:21;Ponto 4
128;876;76;2024-01-23 04:26:53;Ponto 22
129;807;123;2024-01-08 19:07:06;Ponto 14
130;362;44;2024-01-23 21:34:13;Ponto 50
131;830;161;2024-01-06 01:10:08;Ponto 19
132;983;5;2024-01-23 21:26:46;Ponto 14
133;214;187;2024-01-25 06:31:29;Ponto 41
134;875;31;2024-01-10 08:08:59;Ponto 12
135;902;89;2024-01-24 03:46:55;Ponto 41
136;793;120;2024-01-27 08:49:15;Ponto 45
137;853;141;2024-01-30 11:07:54;Ponto 6
138;542;140;2024-01-06 14:11:06;Ponto 22
139;293;57;2024-01-22 10:07:48;Ponto 23
140;197;160;2024-01-22 02:54:01;Ponto 13
141;752;43;2024-01-28 13:09:16;Ponto 9
142;17;126;2024-01-03 23:03:16;Ponto 1
143;222;103;2024-01-16 11:25:55;Ponto 45
144;334;126;2024-01-10 22:57:30;Ponto 15
145;15;83;2024-01-14 16:45:09;Ponto 14
146;507;95;2024-01-15 15:25:31;Ponto 49
147;203;105;2024-01-17 20:54:51;Ponto 19
148;545;134;2024-01-18 13:56:58;Ponto 17
149;255;116;2024-01-10 04:30:36;Ponto 17
150;334;197;2024-01-09 11:59:29;Ponto 43
151;709;165;2024-01-22 04:01:21;Ponto 12
152;745;113;2024-01-20 13:04:27;Ponto 43
153;59;110;2024-01-01 09:04:53;Ponto 10
154;463;186;2024-01-08 04:45:30;Ponto 7
155;471;48;2024-01-19 00:35:30;Ponto 47
156;382;84;2024-01-06 06:55:30;Ponto 39
157;964;158;2024-01-28 09:11:30;Ponto 41
158;576;15;2024-01-22 16:25:09;Ponto 4
159;879;198;2024-01-22 13:32:26;Ponto 39
160;657;17;2024-01-02 04:52:49;Ponto 15
161;49;149;2024-01-03 00:16:03;Ponto 44
162;626;64;2024-01-22 11:18:25;Ponto 17
163;88;44;2024-01-22 09:37:27;Ponto 5
164;351;109;2024-01-14 04:32:25;Ponto 18
165;174;84;2024-01-25 07:50:47;Ponto 24
166;987;129;2024-01-25 08:28:59;Ponto 32
167;222;39;2024-01-17 05:11:22;Ponto 2
168;290;199;2024-01-15 08:06:59;Ponto 39
169;290;124;2024-01-17 19:54:11;Ponto 3
170;528;41;2024-01-19 10:09:03;Ponto 24
171;753;18;2024-01-29 10:01:06;Ponto 45
172;158;41;2024-01-07 20:00:56;Ponto 24
173;421;35;2024-01-30 21:31:15;Ponto 33
174;942;2;2024-01-21 06:03:55;Ponto 9
175;917;113;2024-01-20 02:36:47;Ponto 38
176;973;20;2024-01-14 03:11:50;Ponto 38
177;451;124;2024-01-05 10:15:40;Ponto 15
178;729;161;2024-01-02 16:19:53;Ponto 2
179;570;37;2024-01-25 21:12:43;Ponto 35
180;459;24;2024-01-22 23:59:51;Ponto 44
181;503;34;2024-01-05 02:47:03;Ponto 2
182;945;99;2024-01-04 17:07:11;Ponto 24
183;595;80;2024-01-22 07:39:43;Ponto 9
184;433;85;2024-01-07 06:02:54;Ponto 41
185;521;133;2024-01-30 00:30:52;Ponto 47
186;734;60;2024-01-16 21:22:26;Ponto 15
187;35;137;2024-01-15 00:55:18;Ponto 14
188;16;131;2024-01-31 05:14:04;Ponto 16
189;555;147;2024-01-20 04:18:45;Ponto 11
190;503;12;2024-01-15 21:02:03;Ponto 20
191;685;81;2024-01-25 03:30:20;Ponto 3
192;922;66;2024-01-20 01:15:33;Ponto 39
193;225;116;2024-01-04 03:05:20;Ponto 27
194;54;81;2024-01-24 04:42:29;Ponto 30
195;272;4;2024-01-16 20:00:47;Ponto 19
196;908;84;2024-01-20 23:04:47;Ponto 18
197;746;193;2024-01-20 05:45:54;Ponto 31
198;164;131;2024-01-24 20:33:00;Ponto 46
199;509;101;2024-01-20 03:52:29;Ponto 28
200;915;164;2024-01-21 01:57:49;Ponto 48
201;905;72;2024-01-13 15:27:52;Ponto 3
202;299;36;2024-01-09 11:57:31;Ponto 40
203;341;64;2024-01-01 11:24:40;Ponto 42
204;665;95;2024-01-19 11:11:12;Ponto 48
205;473;7;2024-01-15 21:48:40;Ponto 30
206;808;188;2024-01-03 13:01:09;Ponto 19
207;724;20;2024-01-30 14:38:49;Ponto 39
208;312;7;2024-01-02 02:50:50;Ponto 22
209;661;12;2024-01-12 01:33:17;Ponto 43
210;343;140;2024-01-18 23:41:57;Ponto 1
211;451;92;2024-01-14 07:55:01;Ponto 18
212;800;150;2024-01-11 08:38:05;Ponto 30
213;679;176;2024-01-03 11:19:54;Ponto 24
214;333;190;2024-01-13 22:48:06;Ponto 42
215;155;124;2024-01-20 18:36:43;Ponto 44
216;435;7;2024-01-02 07:50:46;Ponto 27
217;898;166;2024-01-29 14:09:27;Ponto 36
218;948;104;2024-01-18 20:50:42;Ponto 2
219;925;37;2024-01-06 05:11:19;Ponto 29
220;263;91;2024-01-24 11:20:56;Ponto 46
221;272;68;2024-01-29 22:11:33;Ponto 10
222;530;34;2024-01-11 11:43:03;Ponto 8
223;446;30;2024-01-19 19:42:36;Ponto 42
224;384;24;2024-01-19 22:07:07;Ponto 1
225;489;192;2024-01-10 14:54:41;Ponto 39
226;501;94;2024-01-07 03:23:21;Ponto 49
227;408;109;2024-01-28 20:28:37;Ponto 44
228;524;108;2024-01-02 20:53:27;Ponto 33
229;471;74;2024-01-18 01:39:10;Ponto 37
230;566;88;2024-01-27 22:38:34;Ponto 40
231;812;5;2024-01-22 13:49:56;Ponto 17
232;870;3;2024-01-23 20:57:50;Ponto 4
233;5;99;2024-01-13 05:11:05;Ponto 4
234;488;174;2024-01-29 16:42:04;Ponto 17
235;396;193;2024-01-22 04:24:35;Ponto 32
236;904;10;2024-01-19 15:41:32;Ponto 9
237;894;74;2024-01-19 12:27:08;Ponto 47
238;409;131;2024-01-28 02:44:23;Ponto 44
239;17;17;2024-01-25 13:43:31;Ponto 34
240;165;120;2024-01-21 17:49:33;Ponto 33
241;655;118;2024-01-29 08:54:44;Ponto 27
242;144;130;2024-01-25 06:46:53;Ponto 40
243;529;97;2024-01-09 02:14:22;Ponto 34
244;391;90;2024-01-01 05:50:40;Ponto 15
245;375;62;2024-01-07 04:19:39;Ponto 36
246;25;183;2024-01-23 10:15:37;Ponto 7
247;284;40;2024-01-26 05:21:45;Ponto 9
248;945;78;2024-01-30 06:36:26;Ponto 16
249;184;45;2024-01-21 06:45:20;Ponto 16
250;109;150;2024-01-11 23:27:02;Ponto 37
251;868;44;2024-01-20 11:16:54;Ponto 33
252;502;167;2024-01-03 20:37:53;Ponto 44
253;78;62;2024-01-07 12:06:06;Ponto 50
254;923;109;2024-01-23 12:14:05;Ponto 18
255;481;4;2024-01-22 17:31:47;Ponto 21
256;983;166;2024-01-02 08:35:12;Ponto 10
257;389;163;2024-01-07 07:33:43;Ponto 40
258;941;143;2024-01-27 06:47:25;Ponto 49
259;847;194;2024-01-16 00:48:46;Ponto 43
260;641;187;2024-01-19 14:14:23;Ponto 15
261;426;114;2024-01-30 01:48:54;Ponto 16
262;393;98;2024-01-19 15:18:20;Ponto 24
263;387;105;2024-01-22 19:42:37;Ponto 20
264;390;73;2024-01-30 03:30:23;Ponto 38
265;867;69;2024-01-23 22:03:24;Ponto 23
266;93;120;2024-01-12 00:34:33;Ponto 27
267;922;160;2024-01-16 15:11:27;Ponto 46
268;576;119;2024-01-13 14:01:28;Ponto 49
269;575;59;2024-01-22 17:24:17;Ponto 45
270;515;52;2024-01-25 21:08:21;Ponto 17
271;481;108;2024-01-26 23:34:41;Ponto 39
272;254;182;2024-01-17 13:59:51;Ponto 46
273;930;4;2024-01-22 11:18:26;Ponto 3
274;912;160;2024-01-06 01:52:30;Ponto 25
275;794;192;2024-01-16 13:05:09;Ponto 17
276;516;110;2024-01-18 04:53:26;Ponto 2
277;65;99;2024-01-08 05:31:41;Ponto 14
278;587;166;2024-01-23 11:13:23;Ponto 27
279;277;133;2024-01-31 21:46:32;Ponto 50
280;1000;178;2024-01-06 18:50:30;Ponto 10
281;956;103;2024-01-25 17:51:45;Ponto 31
282;688;39;2024-01-07 23:28:12;Ponto 23
283;10;111;2024-01-30 01:32:01;Ponto 44
284;341;198;2024-01-13 23:10:33;Ponto 23
285;401;13;2024-01-14 00:35:32;Ponto 14
286;209;14;2024-01-15 19:41:49;Ponto 4
287;933;113;2024-01-20 18:56:15;Ponto 14
288;838;100;2024-01-01 07:06:57;Ponto 14
289;873;142;2024-01-04 02:49:10;Ponto 47
290;484;177;2024-01-27 00:06:52;Ponto 33
291;178;115;2024-01-18 13:03:49;Ponto 7
292;247;134;2024-01-06 02:24:43;Ponto 16
293;574;109;2024-01-30 11:09:16;Ponto 45
294;307;160;2024-01-10 18:12:37;Ponto 32
295;74;124;2024-01-30 22:59:41;Ponto 27
296;272;135;2024-01-22 15:05:14;Ponto 35
297;268;61;2024-01-20 08:56:40;Ponto 11
298;641;179;2024-01-26 09:28:10;Ponto 31
299;311;38;2024-01-21 17:41:45;Ponto 36
300;217;44;2024-01-26 10:25:39;Ponto 50
301;314;123;2024-01-12 00:54:21;Ponto 23
302;185;182;2024-01-01 16:01:14;Ponto 29
303;645;146;2024-01-11 12:07:18;Ponto 36
304;66;116;2024-01-09 17:55:28;Ponto 36
305;40;79;2024-01-18 01:25:02;Ponto 6
306;220;78;2024-01-19 01:15:07;Ponto 8
307;310;129;2024-01-14 00:26:51;Ponto 31
308;611;145;2024-01-24 22:26:30;Ponto 2
309;584;189;2024-01-28 03:57:50;Ponto 4
310;547;3;2024-01-01 09:41:19;Ponto 26
311;215;128;2024-01-31 01:54:19;Ponto 13
312;658;30;2024-01-10 00:18:11;Ponto 1
313;110;47;2024-01-14 13:20:56;Ponto 30
314;309;67;2024-01-15 02:24:28;Ponto 19
315;493;76;2024-01-18 13:08:36;Ponto 39
316;474;198;2024-01-25 09:39:35;Ponto 48
317;627;35;2024-01-18 16:10:27;Ponto 26
318;495;173;2024-01-11 06:29:50;Ponto 7
319;446;195;2024-01-17 21:30:32;Ponto 20
320;668;191;2024-01-10 02:47:45;Ponto 39
321;104;196;2024-01-09 14:11:55;Ponto 3
322;914;101;2024-01-04 19:10:09;Ponto 21
323;453;29;2024-01-17 05:13:02;Ponto 24
324;692;39;2024-01-04 22:54:35;Ponto 8
325;793;67;2024-01-15 11:40:51;Ponto 12
326;695;114;2024-01-25 09:51:20;Ponto 48
327;542;110;2024-01-12 11:30:20;Ponto 34
328;440;154;2024-01-20 22:38:05;Ponto 50
329;648;8;2024-01-22 15:41:23;Ponto 10
330;228;122;2024-01-03 05:34:43;Ponto 31
331;858;85;2024-01-01 05:01:28;Ponto 29
332;233;1;2024-01-07 12:16:05;Ponto 33
333;709;199;2024-01-31 11:24:59;Ponto 29
334;406;5;2024-01-10 22:17:20;Ponto 45
335;970;28;2024-01-31 10:43:22;Ponto 31
336;454;148;2024-01-16 13:28:09;Ponto 8
337;558;87;2024-01-21 12:13:06;Ponto 28
338;679;71;2024-01-10 16:00:37;Ponto 32
339;369;149;2024-01-26 19:54:27;Ponto 27
340;641;125;2024-01-22 03:02:30;Ponto 48
341;537;164;2024-01-15 05:15:41;Ponto 23
342;423;82;2024-01-04 16:56:53;Ponto 29
343;126;153;2024-01-19 18:46:55;Ponto 13
344;643;44;2024-01-03 08:14:13;Ponto 32
345;699;3;2024-01-08 10:15:30;Ponto 42
346;135;48;2024-01-20 18:30:26;Ponto 19
347;608;120;2024-01-25 01:38:15;Ponto 3
348;717;198;2024-01-22 02:48:37;Ponto 7
349;376;5;2024-01-05 07:29:45;Ponto 30
350;709;151;2024-01-11 06:12:50;Ponto 38
351;684;188;2024-01-27 23:30:19;Ponto 2
352;510;70;2024-01-14 12:22:49;Ponto 47
353;528;160;2024-01-05 17:37:33;Ponto 1
354;465;3;2024-01-02 18:32:52;Ponto 32
355;984;100;2024-01-07 19:06:23;Ponto 29
356;909;62;2024-01-26 17:57:26;Ponto 30
357;661;30;2024-01-04 01:57:43;Ponto 47
358;485;91;2024-01-13 09:12:02;Ponto 25
359;282;24;2024-01-01 01:32:47;Ponto 20
360;601;62;2024-01-13 20:33:57;Ponto 33
361;761;135;2024-01-09 05:48:49;Ponto 43
362;880;136;2024-01-17 22:55:02;Ponto 35
363;397;91;2024-01-02 14:42:23;Ponto 49
364;722;133;2024-01-01 11:40:06;Ponto 1
365;902;30;2024-01-14 05:58:49;Ponto 38
366;615;176;2024-01-26 02:37:58;Ponto 40
367;834;31;2024-01-29 08:10:48;Ponto 8
368;978;112;2024-01-23 06:08:39;Ponto 42
369;287;51;2024-01-15 09:01:48;Ponto 16
370;422;184;2024-01-27 20:14:43;Ponto 43
371;490;105;2024-01-02 10:56:27;Ponto 13
372;830;200;2024-01-14 14:12:05;Ponto 8
373;898;22;2024-01-25 00:46:37;Ponto 34
374;462;183;2024-01-29 07:57:48;Ponto 1
375;453;104;2024-01-26 23:37:06;Ponto 9
376;379;144;2024-01-20 15:10:38;Ponto 36
377;734;1;2024-01-03 23:48:19;Ponto 11
378;252;188;2024-01-02 15:33:32;Ponto 29
379;100;195;2024-01-25 17:14:57;Ponto 43
380;420;160;2024-01-27 08:33:56;Ponto 50
381;699;97;2024-01-09 00:36:52;Ponto 1
382;467;139;2024-01-11 21:29:05;Ponto 39
383;323;92;2024-01-06 15:42:32;Ponto 39
384;87;131;2024-01-06 16:48:08;Ponto 6
385;938;125;2024-01-31 05:09:06;Ponto 47
386;48;55;2024-01-05 03:42:23;Ponto 4
387;825;44;2024-01-18 16:13:40;Ponto 32
388;187;115;2024-01-31 17:45:40;Ponto 6
389;959;75;2024-01-12 16:25:02;Ponto 19
390;381;81;2024-01-23 03:42:38;Ponto 40
391;70;86;2024-01-08 03:32:25;Ponto 43
392;83;37;2024-01-07 06:01:56;Ponto 46
393;475;98;2024-01-20 21:56:41;Ponto 40
394;738;18;2024-01-20 17:12:57;Ponto 20
395;992;106;2024-01-11 17:04:55;Ponto 16
396;790;190;2024-01-29 11:03:18;Ponto 12
397;399;20;2024-01-04 16:50:52;Ponto 39
398;473;83;2024-01-14 04:56:39;Ponto 49
399;426;123;2024-01-22 01:43:11;Ponto 28
400;79;94;2024-01-16 03:01:43;Ponto 41
401;440;179;2024-01-11 23:14:59;Ponto 29
402;849;64;2024-01-04 11:59:31;Ponto 10
403;596;153;2024-01-28 19:40:27;Ponto 13
404;60;161;2024-01-02 19:39:50;Ponto 31
405;355;156;2024-01-31 02:02:18;Ponto 28
406;249;84;2024-01-11 22:06:40;Ponto 1
407;845;138;2024-01-14 11:45:23;Ponto 41
408;1;38;2024-01-23 06:09:26;Ponto 44
409;231;26;2024-01-16 21:58:38;Ponto 16
410;428;160;2024-01-09 06:59:11;Ponto 25
411;219;138;2024-01-28 06:39:23;Ponto 30
412;510;152;2024-01-14 13:17:50;Ponto 24
413;860;197;2024-01-19 08:39:14;Ponto 44
414;330;196;2024-01-16 00:12:51;Ponto 42
415;55;25;2024-01-29 22:34:45;Ponto 48
416;647;40;2024-01-15 01:38:49;Ponto 49
417;205;64;2024-01-08 20:48:17;Ponto 32
418;208;21;2024-01-07 09:55:06;Ponto 1
419;606;103;2024-01-10 03:29:31;Ponto 11
420;574;116;2024-01-28 22:17:43;Ponto 3
421;841;26;2024-01-07 20:11:53;Ponto 13
422;112;84;2024-01-29 17:56:41;Ponto 9
423;245;30;2024-01-30 13:23:03;Ponto 18
424;190;72;2024-01-08 10:14:38;Ponto 15
425;797;90;2024-01-04 06:21:59;Ponto 31
426;145;110;2024-01-02 13:25:47;Ponto 23
427;111;166;2024-01-03 10:34:30;Ponto 9
428;231;103;2024-01-04 14:11:03;Ponto 28
429;40;83;2024-01-22 19:17:37;Ponto 22
430;82;113;2024-01-06 12:28:49;Ponto 50
431;871;147;2024-01-29 23:42:07;Ponto 33
432;936;153;2024-01-14 19:54:12;Ponto 1
433;116;117;2024-01-27 04:15:48;Ponto 47
434;715;133;2024-01-24 11:55:49;Ponto 10
435;45;191;2024-01-15 18:13:19;Ponto 9
436;838;65;2024-01-12 19:14:59;Ponto 44
437;866;104;2024-01-02 16:04:50;Ponto 7
438;192;56;2024-01-06 20:48:43;Ponto 50
439;572;190;2024-01-05 03:57:45;Ponto 30
440;172;155;2024-01-27 00:15:19;Ponto 37
441;694;109;2024-01-26 13:17:26;Ponto 48
442;185;142;2024-01-18 11:45:45;Ponto 4
443;754;8;2024-01-14 13:43:02;Ponto 9
444;431;173;2024-01-04 03:39:21;Ponto 42
445;346;17;2024-01-10 10:13:21;Ponto 38
446;329;161;2024-01-09 11:35:36;Ponto 13
447;600;85;2024-01-11 12:59:10;Ponto 37
448;286;51;2024-01-25 11:14:54;Ponto 26
449;87;10;2024-01-08 13:22:30;Ponto 25
450;6;131;2024-01-16 14:29:07;Ponto 47
451;622;57;2024-01-19 10:29:23;Ponto 37
452;831;132;2024-01-31 15:20:14;Ponto 50
453;988;166;2024-01-28 09:49:41;Ponto 14
454;534;78;2024-01-26 23:46:54;Ponto 3
455;634;14;2024-01-24 03:18:07;Ponto 47
456;130;102;2024-01-02 18:18:42;Ponto 1
457;584;115;2024-01-08 16:06:59;Ponto 44
458;231;36;2024-01-07 12:20:51;Ponto 2
459;315;58;2024-01-07 12:10:45;Ponto 39
460;551;122;2024-01-31 12:34:05;Ponto 44
461;324;162;2024-01-13 20:34:07;Ponto 28
462;989;40;2024-01-31 12:58:22;Ponto 24
463;539;154;2024-01-28 21:15:04;Ponto 49
464;86;195;2024-01-04 14:39:17;Ponto 17
465;597;153;2024-01-09 12:50:53;Ponto 25
466;181;188;2024-01-07 12:02:03;Ponto 39
467;587;128;2024-01-07 23:20:08;Ponto 40
468;678;111;2024-01-09 16:01:44;Ponto 36
469;939;124;2024-01-16 22:54:54;Ponto 37
470;30;146;2024-01-20 22:11:57;Ponto 44
471;683;40;2024-01-10 11:33:44;Ponto 21
472;753;33;2024-01-15 11:50:20;Ponto 30
473;679;116;2024-01-01 11:17:03;Ponto 8
474;808;128;2024-01-08 08:09:19;Ponto 16
475;903;119;2024-01-23 02:46:45;Ponto 14
476;187;175;2024-01-02 01:53:25;Ponto 18
477;769;184;2024-01-13 12:09:23;Ponto 18
478;310;94;2024-01-03 23:43:54;Ponto 31
479;518;132;2024-01-26 06:31:12;Ponto 6
480;998;35;2024-01-05 07:03:52;Ponto 21
481;443;31;2024-01-27 14:56:33;Ponto 4
482;737;131;2024-01-14 06:13:14;Ponto 47
483;480;135;2024-01-29 17:12:30;Ponto 6
484;447;50;2024-01-20 11:39:27;Ponto 20
485;798;38;2024-01-22 13:13:28;Ponto 15
486;463;58;2024-01-24 21:53:36;Ponto 38
487;55;49;2024-01-11 01:27:19;Ponto 15
488;905;68;2024-01-24 19:10:58;Ponto 4
489;528;42;2024-01-06 08:20:30;Ponto 4
490;283;83;2024-01-31 20:19:17;Ponto 30
491;639;81;2024-01-21 05:20:52;Ponto 9
492;441;123;2024-01-08 00:57:58;Ponto 49
493;88;110;2024-01-21 10:05:30;Ponto 2
494;600;183;2024-01-09 01:05:34;Ponto 23
495;275;59;2024-01-07 01:06:18;Ponto 37
496;214;184;2024-01-07 02:08:25;Ponto 37
497;625;96;2024-01-15 13:29:59;Ponto 41
498;289;68;2024-01-07 15:32:05;Ponto 35
499;790;78;2024-01-31 12:13:48;Ponto 43
500;492;7;2024-01-24 13:48:32;Ponto 33
501;442;170;2024-01-31 08:46:18;Ponto 10
502;893;168;2024-01-04 06:41:58;Ponto 46
503;438;89;2024-01-08 05:24:24;Ponto 6
504;93;185;2024-01-12 16:00:41;Ponto 12
505;179;12;2024-01-10 03:16:44;Ponto 19
506;896;25;2024-01-29 06:07:48;Ponto 1
507;546;26;2024-01-28 00:25:31;Ponto 39
508;701;50;2024-01-17 07:21:13;Ponto 39
509;521;116;2024-01-20 07:58:55;Ponto 14
510;250;168;2024-01-30 07:03:17;Ponto 2
511;360;67;2024-01-18 10:03:04;Ponto 27
512;297;152;2024-01-11 17:23:39;Ponto 11
513;736;53;2024-01-31 05:25:31;Ponto 20
514;596;41;2024-01-03 04:12:21;Ponto 11
515;841;173;2024-01-30 02:13:56;Ponto 30
516;58;95;2024-01-23 11:22:12;Ponto 43
517;204;96;2024-01-15 14:52:05;Ponto 2
518;959;88;2024-01-30 15:06:25;Ponto 41
519;962;75;2024-01-29 14:00:09;Ponto 44
520;417;4;2024-01-17 03:20:11;Ponto 25
521;309;83;2024-01-08 10:47:15;Ponto 30
522;832;90;2024-01-13 01:13:02;Ponto 22
523;779;191;2024-01-21 21:41:37;Ponto 35
524;957;98;2024-01-01 09:55:46;Ponto 17
525;884;45;2024-01-27 23:31:03;Ponto 5
526;411;86;2024-01-03 12:35:26;Ponto 48
527;958;119;2024-01-12 05:54:06;Ponto 6
528;67;19;2024-01-14 07:28:56;Ponto 32
529;903;196;2024-01-07 01:35:00;Ponto 32
530;844;165;2024-01-27 23:37:14;Ponto 40
531;895;22;2024-01-19 16:12:50;Ponto 8
532;396;158;2024-01-06 22:48:25;Ponto 5
533;608;190;2024-01-13 02:10:52;Ponto 50
534;438;58;2024-01-02 17:35:53;Ponto 8
535;126;129;2024-01-26 09:15:08;Ponto 15
536;549;28;2024-01-23 02:16:12;Ponto 1
537;359;171;2024-01-01 12:06:39;Ponto 47
538;232;188;2024-01-05 12:15:53;Ponto 48
539;325;174;2024-01-05 02:34:39;Ponto 3
540;51;123;2024-01-26 04:02:54;Ponto 21
541;637;167;2024-01-07 13:25:07;Ponto 45
542;605;144;2024-01-17 21:27:57;Ponto 46
543;459;158;2024-01-20 22:35:19;Ponto 27
544;192;23;2024-01-31 18:01:55;Ponto 32
545;884;144;2024-01-10 15:36:49;Ponto 35
546;827;35;2024-01-17 09:01:12;Ponto 45
547;947;3;2024-01-04 00:32:05;Ponto 29
548;50;169;2024-01-09 19:22:09;Ponto 19
549;375;136;2024-01-20 02:55:55;Ponto 25
550;987;108;2024-01-31 21:26:31;Ponto 42
551;811;78;2024-01-19 13:40:57;Ponto 2
552;833;72;2024-01-17 01:35:42;Ponto 28
553;311;175;2024-01-10 21:18:58;Ponto 22
554;758;18;2024-01-02 07:14:26;Ponto 4
555;606;102;2024-01-28 07:43:15;Ponto 50
556;596;157;2024-01-15 03:05:39;Ponto 23
557;295;9;2024-01-03 15:45:37;Ponto 24
558;624;10;2024-01-23 21:29:33;Ponto 13
559;536;142;2024-01-13 02:41:56;Ponto 20
560;251;175;2024-01-30 12:05:45;Ponto 48
561;63;24;2024-01-11 09:14:51;Ponto 48
562;722;45;2024-01-15 23:09:09;Ponto 39
563;370;190;2024-01-07 01:06:01;Ponto 18
564;226;125;2024-01-22 22:01:01;Ponto 23
565;185;164;2024-01-08 07:44:56;Ponto 7
566;634;122;2024-01-22 01:55:59;Ponto 45
567;418;148;2024-01-22 00:17:28;Ponto 15
568;549;65;2024-01-26 06:07:28;Ponto 8
569;917;192;2024-01-01 02:29:45;Ponto 39
570;751;14;2024-01-23 05:51:08;Ponto 17
571;262;97;2024-01-10 05:23:40;Ponto 34
572;86;106;2024-01-19 15:13:48;Ponto 26
573;626;149;2024-01-13 20:18:27;Ponto 25
574;421;142;2024-01-11 14:04:01;Ponto 45
575;60;45;2024-01-16 05:55:22;Ponto 4
576;758;197;2024-01-26 15:28:00;Ponto 34
577;209;125;2024-01-07 04:32:47;Ponto 24
578;877;90;2024-01-22 10:13:21;Ponto 50
579;927;31;2024-01-26 17:48:47;Ponto 29
580;564;3;2024-01-04 09:30:10;Ponto 4
581;462;12;2024-01-16 10:13:35;Ponto 17
582;264;84;2024-01-30 13:32:58;Ponto 17
583;799;6;2024-01-01 00:13:35;Ponto 32
584;430;62;2024-01-06 20:36:59;Ponto 19
585;351;106;2024-01-24 03:55:12;Ponto 32
586;260;97;2024-01-21 02:38:02;Ponto 23
587;314;140;2024-01-16 06:17:36;Ponto 48
588;701;106;2024-01-13 00:42:35;Ponto 33
589;648;187;2024-01-04 04:26:42;Ponto 49
590;618;91;2024-01-04 23:47:55;Ponto 37
591;214;103;2024-01-09 22:44:34;Ponto 31
592;372;133;2024-01-12 21:20:51;Ponto 29
593;105;35;2024-01-27 20:29:56;Ponto 17
594;327;120;2024-01-06 23:01:46;Ponto 50
595;104;85;2024-01-07 09:11:13;Ponto 3
596;464;181;2024-01-23 20:06:07;Ponto 20
597;413;120;2024-01-12 12:51:19;Ponto 49
598;764;138;2024-01-24 16:11:26;Ponto 35
599;321;152;2024-01-27 12:26:48;Ponto 24
600;885;111;2024-01-10 22:25:32;Ponto 46
601;70;86;2024-01-06 18:33:31;Ponto 36
602;652;31;2024-01-09 14:18:09;Ponto 40
603;446;84;2024-01-01 15:40:17;Ponto 32
604;363;193;2024-01-02 12:23:28;Ponto 9
605;982;108;2024-01-27 05:01:35;Ponto 29
606;965;9;2024-01-25 02:09:38;Ponto 6
607;730;85;2024-01-09 14:42:25;Ponto 34
608;801;172;2024-01-11 00:31:10;Ponto 20
609;960;16;2024-01-22 08:56:36;Ponto 7
610;925;122;2024-01-02 09:31:42;Ponto 2
611;871;144;2024-01-21 05:30:52;Ponto 19
612;93;69;2024-01-02 17:46:26;Ponto 20
613;525;159;2024-01-20 20:19:29;Ponto 18
614;665;69;2024-01-25 06:02:44;Ponto 46
615;4;90;2024-01-28 23:03:28;Ponto 2
616;309;28;2024-01-19 08:15:34;Ponto 15
617;80;89;2024-01-10 12:59:48;Ponto 16
618;708;191;2024-01-05 02:58:47;Ponto 17
619;642;147;2024-01-24 10:40:09;Ponto 5
620;874;94;2024-01-16 05:02:55;Ponto 15
621;46;181;2024-01-19 02:29:38;Ponto 22
622;540;77;2024-01-06 19:58:56;Ponto 36
623;144;84;2024-01-11 13:19:06;Ponto 2
624;733;179;2024-01-16 14:16:26;Ponto 44
625;218;106;2024-01-26 11:29:18;Ponto 2
626;482;51;2024-01-29 04:29:57;Ponto 5
627;375;73;2024-01-30 06:32:12;Ponto 48
628;237;196;2024-01-02 19:46:10;Ponto 42
629;957;127;2024-01-11 10:16:45;Ponto 38
630;888;199;2024-01-27 12:43:04;Ponto 39
631;381;95;2024-01-26 20:18:00;Ponto 33
632;608;136;2024-01-20 00:17:34;Ponto 19
633;648;180;2024-01-02 02:46:20;Ponto 48
634;958;66;2024-01-09 13:55:19;Ponto 27
635;166;182;2024-01-03 14:23:53;Ponto 41
636;402;175;2024-01-26 19:34:46;Ponto 37
637;687;39;2024-01-26 13:50:33;Ponto 42
638;410;115;2024-01-04 08:39:08;Ponto 33
639;43;138;2024-01-16 03:12:23;Ponto 30
640;153;92;2024-01-02 02:51:34;Ponto 16
641;158;159;2024-01-24 04:24:29;Ponto 10
642;292;101;2024-01-30 10:43:51;Ponto 50
643;14;167;2024-01-26 06:09:21;Ponto 34
644;572;16;2024-01-04 11:45:43;Ponto 4
645;550;158;2024-01-04 07:45:58;Ponto 34
646;812;82;2024-01-25 00:39:49;Ponto 17
647;646;4;2024-01-07 07:57:37;Ponto 17
648;601;151;2024-01-10 14:06:09;Ponto 12
649;837;168;2024-01-17 15:06:11;Ponto 2
650;107;62;2024-01-29 11:33:18;Ponto 28
651;867;54;2024-01-25 06:45:46;Ponto 11
652;196;49;2024-01-21 00:33:42;Ponto 3
653;6;121;2024-01-08 08:11:23;Ponto 30
654;788;148;2024-01-22 20:31:28;Ponto 18
655;995;121;2024-01-26 13:11:20;Ponto 14
656;331;42;2024-01-09 20:30:52;Ponto 38
657;875;47;2024-01-29 07:20:45;Ponto 2
658;823;103;2024-01-12 21:16:53;Ponto 15
659;13;77;2024-01-07 23:02:21;Ponto 29
660;710;166;2024-01-05 00:17:33;Ponto 39
661;749;144;2024-01-07 22:48:06;Ponto 25
662;919;98;2024-01-08 06:26:03;Ponto 18
663;119;88;2024-01-18 12:04:09;Ponto 19
664;965;63;2024-01-04 06:58:15;Ponto 17
665;780;21;2024-01-17 09:57:39;Ponto 7
666;976;169;2024-01-31 09:05:01;Ponto 34
667;334;58;2024-01-10 00:04:31;Ponto 37
668;948;192;2024-01-05 10:47:53;Ponto 14
669;573;79;2024-01-01 20:37:34;Ponto 49
670;295;180;2024-01-13 14:17:46;Ponto 17
671;462;13;2024-01-12 01:24:48;Ponto 39
672;95;136;2024-01-28 14:44:01;Ponto 30
673;344;29;2024-01-08 23:36:21;Ponto 28
674;750;147;2024-01-09 18:17:39;Ponto 20
675;368;43;2024-01-21 19:42:45;Ponto 19
676;309;119;2024-01-21 20:02:33;Ponto 18
677;811;18;2024-01-03 23:03:19;Ponto 7
678;146;19;2024-01-22 05:14:57;Ponto 29
679;94;110;2024-01-27 22:08:52;Ponto 40
680;827;141;2024-01-22 18:49:24;Ponto 24
681;438;68;2024-01-25 22:24:49;Ponto 35
682;969;142;2024-01-12 04:24:11;Ponto 35
683;161;31;2024-01-16 18:43:42;Ponto 3
684;241;192;2024-01-23 09:58:28;Ponto 4
685;761;178;2024-01-29 05:37:02;Ponto 2
686;413;96;2024-01-11 19:46:09;Ponto 14
687;43;98;2024-01-16 21:18:29;Ponto 31
688;854;124;2024-01-31 16:55:15;Ponto 48
689;367;69;2024-01-28 19:35:22;Ponto 9
690;287;107;2024-01-24 12:03:47;Ponto 6
691;893;23;2024-01-14 14:02:14;Ponto 10
692;622;189;2024-01-15 00:06:47;Ponto 12
693;762;93;2024-01-18 14:38:45;Ponto 26
694;29;58;2024-01-21 05:23:29;Ponto 25
695;819;91;2024-01-05 16:04:02;Ponto 11
696;30;114;2024-01-29 14:09:53;Ponto 32
697;37;175;2024-01-30 03:53:18;Ponto 43
698;534;161;2024-01-20 06:22:47;Ponto 43
699;636;44;2024-01-04 02:13:47;Ponto 22
700;483;23;2024-01-03 18:47:01;Ponto 4
701;216;85;2024-01-07 07:34:24;Ponto 4
702;604;109;2024-01-31 20:58:23;Ponto 49
703;855;11;2024-01-13 12:55:35;Ponto 27
704;348;122;2024-01-27 08:19:56;Ponto 17
705;357;53;2024-01-27 19:12:23;Ponto 42
706;804;26;2024-01-13 09:06:32;Ponto 28
707;559;107;2024-01-11 20:29:26;Ponto 23
708;646;51;2024-01-14 18:02:55;Ponto 1
709;655;84;2024-01-22 20:49:02;Ponto 6
710;551;101;2024-01-30 07:49:54;Ponto 28
711;693;114;2024-01-05 07:39:44;Ponto 25
712;830;142;2024-01-11 21:09:47;Ponto 31
713;950;107;2024-01-17 17:12:37;Ponto 17
714;610;127;2024-01-06 03:18:00;Ponto 50
715;325;37;2024-01-15 21:58:00;Ponto 34
716;416;47;2024-01-16 16:37:20;Ponto 35
717;518;173;2024-01-09 01:19:19;Ponto 15
718;946;133;2024-01-24 19:45:48;Ponto 30
719;811;120;2024-01-10 09:45:09;Ponto 6
720;919;152;2024-01-16 14:39:34;Ponto 29
721;88;44;2024-01-13 15:09:52;Ponto 19
722;175;155;2024-01-08 07:02:46;Ponto 20
723;375;57;2024-01-06 08:01:40;Ponto 2
724;838;60;2024-01-02 01:33:51;Ponto 38
725;797;134;2024-01-11 02:12:09;Ponto 14
726;213;97;2024-01-28 11:15:05;Ponto 43
727;989;121;2024-01-15 15:42:55;Ponto 32
728;143;111;2024-01-23 02:06:06;Ponto 44
729;277;188;2024-01-17 02:57:49;Ponto 39
730;550;192;2024-01-19 22:52:27;Ponto 46
731;721;17;2024-01-08 05:02:51;Ponto 2
732;280;53;2024-01-11 06:26:06;Ponto 23
733;378;164;2024-01-02 14:24:58;Ponto 23
734;257;143;2024-01-09 19:37:35;Ponto 46
735;790;188;2024-01-01 00:46:02;Ponto 21
736;652;155;2024-01-31 01:41:00;Ponto 30
737;240;167;2024-01-04 01:13:30;Ponto 36
738;117;32;2024-01-25 14:07:55;Ponto 49
739;640;94;2024-01-25 20:17:36;Ponto 17
740;678;99;2024-01-31 22:39:30;Ponto 22
741;456;148;2024-01-14 06:12:53;Ponto 35
742;253;140;2024-01-09 13:26:09;Ponto 34
743;361;132;2024-01-05 03:32:09;Ponto 46
744;269;200;2024-01-10 20:41:32;Ponto 18
745;877;65;2024-01-28 05:31:39;Ponto 4
746;921;185;2024-01-28 04:05:02;Ponto 48
747;804;150;2024-01-31 21:07:34;Ponto 4
748;302;68;2024-01-24 08:23:20;Ponto 19
749;975;44;2024-01-03 02:10:37;Ponto 7
750;966;31;2024-01-09 00:59:13;Ponto 34
751;816;130;2024-01-16 10:02:22;Ponto 2
752;410;106;2024-01-03 01:03:14;Ponto 18
753;331;3;2024-01-17 01:38:21;Ponto 4
754;662;119;2024-01-08 11:55:02;Ponto 42
755;454;36;2024-01-26 00:54:07;Ponto 14
756;279;79;2024-01-03 09:16:09;Ponto 35
757;383;1;2024-01-11 20:10:02;Ponto 45
758;409;37;2024-01-26 15:48:00;Ponto 47
759;39;157;2024-01-21 23:26:37;Ponto 35
760;859;6;2024-01-03 13:46:33;Ponto 2
761;202;124;2024-01-28 17:14:45;Ponto 15
762;128;115;2024-01-17 11:24:13;Ponto 15
763;179;12;2024-01-23 17:55:40;Ponto 32
764;808;58;2024-01-10 22:44:07;Ponto 38
765;412;144;2024-01-19 03:20:55;Ponto 41
766;193;102;2024-01-08 20:01:37;Ponto 4
767;491;14;2024-01-06 14:24:19;Ponto 34
768;166;55;2024-01-17 09:45:51;Ponto 11
769;127;131;2024-01-31 00:43:44;Ponto 25
770;302;117;2024-01-06 19:02:17;Ponto 4
771;980;68;2024-01-29 22:49:00;Ponto 26
772;518;85;2024-01-17 23:45:19;Ponto 33
773;752;180;2024-01-27 06:21:00;Ponto 35
774;342;16;2024-01-28 21:10:08;Ponto 38
775;720;109;2024-01-23 09:58:44;Ponto 33
776;363;11;2024-01-10 02:50:41;Ponto 1
777;33;87;2024-01-30 17:52:31;Ponto 32
778;348;34;2024-01-02 11:57:19;Ponto 31
779;878;199;2024-01-31 14:03:47;Ponto 27
780;189;56;2024-01-09 00:44:27;Ponto 42
781;698;10;2024-01-19 07:06:51;Ponto 2
782;86;60;2024-01-27 18:50:15;Ponto 30
783;634;66;2024-01-09 04:23:39;Ponto 18
784;726;197;2024-01-19 07:51:09;Ponto 19
785;426;77;2024-01-28 02:41:41;Ponto 49
786;660;122;2024-01-02 08:24:42;Ponto 44
787;650;29;2024-01-25 23:32:42;Ponto 20
788;102;72;2024-01-30 00:33:04;Ponto 35
789;116;18;2024-01-02 03:32:53;Ponto 11
790;797;128;2024-01-03 21:49:11;Ponto 14
791;196;175;2024-01-27 12:32:09;Ponto 44
792;434;80;2024-01-12 01:42:15;Ponto 9
793;276;84;2024-01-12 23:43:31;Ponto 9
794;913;159;2024-01-29 21:01:36;Ponto 23
795;93;149;2024-01-01 18:55:37;Ponto 27
796;560;138;2024-01-18 18:45:11;Ponto 38
797;547;145;2024-01-30 14:54:17;Ponto 41
798;832;198;2024-01-07 09:07:25;Ponto 7
799;624;13;2024-01-09 02:30:34;Ponto 37
800;162;58;2024-01-04 18:24:44;Ponto 37
801;803;170;2024-01-05 10:19:55;Ponto 33
802;851;196;2024-01-12 16:29:49;Ponto 3
803;586;132;2024-01-30 15:15:27;Ponto 46
804;941;163;2024-01-30 08:45:47;Ponto 15
805;267;40;2024-01-24 02:21:01;Ponto 45
806;966;186;2024-01-13 01:11:28;Ponto 43
807;547;91;2024-01-28 20:28:28;Ponto 16
808;969;152;2024-01-28 02:35:00;Ponto 45
809;856;143;2024-01-26 02:21:40;Ponto 9
810;870;125;2024-01-08 14:29:59;Ponto 41
811;211;63;2024-01-30 10:59:59;Ponto 15
812;890;12;2024-01-11 09:15:29;Ponto 18
813;826;68;2024-01-17 05:35:12;Ponto 47
814;422;113;2024-01-20 14:02:27;Ponto 19
815;513;100;2024-01-17 02:24:10;Ponto 1
816;42;61;2024-01-09 17:25:48;Ponto 48
817;390;8;2024-01-30 02:24:41;Ponto 6
818;756;25;2024-01-25 10:33:57;Ponto 26
819;360;28;2024-01-06 06:09:50;Ponto 15
820;765;87;2024-01-28 09:41:28;Ponto 22
821;380;115;2024-01-21 05:44:20;Ponto 15
822;982;100;2024-01-02 10:52:43;Ponto 8
823;563;110;2024-01-22 11:59:02;Ponto 41
824;862;115;2024-01-05 14:02:24;Ponto 47
825;363;57;2024-01-26 23:37:57;Ponto 30
826;356;180;2024-01-05 08:20:54;Ponto 4
827;870;93;2024-01-02 10:46:05;Ponto 11
828;233;35;2024-01-26 03:38:37;Ponto 12
829;537;83;2024-01-06 18:44:14;Ponto 19
830;415;128;2024-01-11 01:09:16;Ponto 43
831;750;139;2024-01-31 19:27:31;Ponto 29
832;670;75;2024-01-12 23:05:08;Ponto 41
833;508;132;2024-01-27 04:48:27;Ponto 15
834;298;45;2024-01-10 18:27:47;Ponto 50
835;128;60;2024-01-14 18:22:59;Ponto 20
836;766;164;2024-01-02 19:35:31;Ponto 5
837;75;32;2024-01-20 21:39:11;Ponto 36
838;877;121;2024-01-19 02:13:02;Ponto 42
839;934;2;2024-01-14 04:25:18;Ponto 14
840;44;101;2024-01-18 14:54:46;Ponto 26
841;484;58;2024-01-12 08:18:06;Ponto 26
842;808;57;2024-01-31 18:28:34;Ponto 50
843;462;116;2024-01-07 07:21:43;Ponto 33
844;465;150;2024-01-23 15:17:23;Ponto 16
845;439;172;2024-01-02 11:25:37;Ponto 14
846;636;103;2024-01-25 19:42:34;Ponto 19
847;191;73;2024-01-02 08:10:43;Ponto 17
848;545;61;2024-01-18 00:30:39;Ponto 49
849;304;150;2024-01-26 13:33:47;Ponto 14
850;481;154;2024-01-01 11:34:18;Ponto 5
851;792;189;2024-01-08 21:41:09;Ponto 16
852;339;146;2024-01-26 14:29:46;Ponto 30
853;513;115;2024-01-07 21:40:33;Ponto 38
854;445;154;2024-01-16 17:53:13;Ponto 24
855;972;11;2024-01-24 21:40:36;Ponto 50
856;249;59;2024-01-21 21:27:25;Ponto 24
857;926;158;2024-01-08 03:54:08;Ponto 16
858;23;110;2024-01-21 18:06:23;Ponto 47
859;234;74;2024-01-12 11:22:25;Ponto 23
860;75;78;2024-01-06 00:15:27;Ponto 33
861;97;127;2024-01-28 03:08:00;Ponto 1
862;540;120;2024-01-22 02:02:34;Ponto 6
863;601;92;2024-01-27 23:57:25;Ponto 2
864;513;12;2024-01-04 05:49:54;Ponto 40
865;235;190;2024-01-31 16:23:25;Ponto 16
866;639;2;2024-01-17 15:38:14;Ponto 25
867;676;52;2024-01-20 17:33:37;Ponto 9
868;308;118;2024-01-24 01:26:45;Ponto 17
869;938;58;2024-01-14 20:22:38;Ponto 35
870;545;144;2024-01-10 17:05:27;Ponto 10
871;627;173;2024-01-08 07:21:17;Ponto 21
872;112;194;2024-01-02 18:02:42;Ponto 8
873;288;121;2024-01-28 00:41:50;Ponto 11
874;116;98;2024-01-25 14:09:25;Ponto 5
875;324;139;2024-01-22 00:22:17;Ponto 17
876;852;118;2024-01-04 09:42:22;Ponto 36
877;119;9;2024-01-31 21:47:53;Ponto 36
878;978;52;2024-01-03 15:17:32;Ponto 15
879;320;27;2024-01-10 14:08:04;Ponto 50
880;886;62;2024-01-23 23:24:41;Ponto 35
881;579;112;2024-01-18 05:53:13;Ponto 20
882;362;153;2024-01-21 08:36:58;Ponto 42
883;593;124;2024-01-03 19:06:15;Ponto 39
884;711;81;2024-01-25 07:45:50;Ponto 8
885;786;19;2024-01-09 19:56:24;Ponto 28
886;354;98;2024-01-06 19:56:21;Ponto 39
887;12;193;2024-01-15 15:30:00;Ponto 8
888;864;53;2024-01-18 11:07:13;Ponto 13
889;822;21;2024-01-07 05:21:10;Ponto 12
890;836;151;2024-01-30 13:03:23;Ponto 36
891;777;138;2024-01-29 03:02:06;Ponto 23
892;270;168;2024-01-04 02:03:56;Ponto 39
893;748;5;2024-01-13 20:12:49;Ponto 44
894;481;101;2024-01-05 05:11:19;Ponto 34
895;508;163;2024-01-23 17:58:09;Ponto 12
896;108;48;2024-01-01 06:35:24;Ponto 36
897;133;191;2024-01-23 01:39:12;Ponto 25
898;537;80;2024-01-11 04:33:12;Ponto 16
899;139;40;2024-01-22 02:30:29;Ponto 23
900;581;43;2024-01-16 13:25:27;Ponto 24
901;27;180;2024-01-15 16:34:16;Ponto 16
902;682;48;2024-01-08 00:34:05;Ponto 30
903;856;189;2024-01-14 12:21:47;Ponto 2
904;603;132;2024-01-22 23:49:55;Ponto 1
905;528;28;2024-01-17 09:01:25;Ponto 50
906;566;187;2024-01-14 07:35:25;Ponto 41
907;189;39;2024-01-29 13:37:00;Ponto 14
908;674;23;2024-01-01 05:44:15;Ponto 46
909;145;25;2024-01-04 02:22:46;Ponto 28
910;731;62;2024-01-21 02:34:54;Ponto 48
911;298;100;2024-01-06 03:56:31;Ponto 11
912;857;63;2024-01-31 18:57:56;Ponto 33
913;759;118;2024-01-11 09:22:13;Ponto 21
914;758;144;2024-01-13 20:13:42;Ponto 7
915;162;51;2024-01-25 17:15:12;Ponto 12
916;447;113;2024-01-18 21:24:52;Ponto 40
917;702;119;2024-01-11 01:57:18;Ponto 25
918;681;119;2024-01-01 22:10:27;Ponto 11
919;373;42;2024-01-16 04:06:39;Ponto 2
920;505;66;2024-01-20 00:54:47;Ponto 16
921;855;64;2024-01-24 08:45:00;Ponto 5
922;654;9;2024-01-23 09:28:28;Ponto 14
923;415;105;2024-01-11 14:01:33;Ponto 5
924;197;5;2024-01-15 03:06:04;Ponto 4
925;455;20;2024-01-01 05:47:55;Ponto 8
926;397;85;2024-01-22 23:40:25;Ponto 39
927;966;36;2024-01-22 00:12:09;Ponto 49
928;797;98;2024-01-12 19:16:47;Ponto 50
929;710;124;2024-01-15 00:21:03;Ponto 1
930;628;76;2024-01-17 18:02:09;Ponto 25
931;522;19;2024-01-06 15:50:16;Ponto 43
932;724;107;2024-01-14 14:58:32;Ponto 10
933;764;69;2024-01-01 08:26:29;Ponto 32
934;559;133;2024-01-10 23:05:01;Ponto 47
935;360;131;2024-01-12 23:48:18;Ponto 23
936;174;142;2024-01-02 21:15:37;Ponto 38
937;837;55;2024-01-18 23:26:28;Ponto 21
938;233;91;2024-01-06 03:47:59;Ponto 11
939;569;128;2024-01-05 02:40:37;Ponto 38
940;147;100;2024-01-20 11:30:02;Ponto 47
941;110;48;2024-01-13 11:04:14;Ponto 3
942;595;178;2024-01-19 23:22:49;Ponto 9
943;128;191;2024-01-22 02:41:24;Ponto 34
944;956;68;2024-01-30 17:07:05;Ponto 8
945;61;9;2024-01-21 19:59:34;Ponto 34
946;167;116;2024-01-05 12:44:47;Ponto 21
947;876;35;2024-01-30 22:45:25;Ponto 5
948;859;30;2024-01-11 16:01:20;Ponto 15
949;479;21;2024-01-11 22:53:18;Ponto 29
950;304;3;2024-01-28 06:44:28;Ponto 14
951;270;79;2024-01-09 23:50:12;Ponto 13
952;1;168;2024-01-27 22:49:10;Ponto 32
953;490;172;2024-01-11 02:12:08;Ponto 14
954;729;79;2024-01-12 01:07:20;Ponto 46
955;555;147;2024-01-09 20:09:45;Ponto 32
956;673;61;2024-01-01 00:59:18;Ponto 9
957;720;177;2024-01-10 11:36:51;Ponto 27
958;822;160;2024-01-05 10:53:19;Ponto 4
959;143;42;2024-01-10 15:37:21;Ponto 23
960;242;189;2024-01-09 19:20:31;Ponto 11
961;85;163;2024-01-15 04:29:24;Ponto 46
962;248;186;2024-01-24 17:26:34;Ponto 22
963;127;78;2024-01-04 20:54:59;Ponto 35
964;87;94;2024-01-05 17:55:59;Ponto 32
965;157;71;2024-01-28 01:58:16;Ponto 13
966;533;13;2024-01-23 13:30:44;Ponto 14
967;707;192;2024-01-07 15:46:41;Ponto 42
968;507;20;2024-01-18 11:46:22;Ponto 3
969;455;136;2024-01-08 03:23:44;Ponto 5
970;916;103;2024-01-27 04:02:02;Ponto 32
971;149;116;2024-01-22 18:53:53;Ponto 32
972;204;169;2024-01-08 04:37:43;Ponto 40
973;633;19;2024-01-17 13:20:10;Ponto 48
974;834;48;2024-01-08 08:50:22;Ponto 29
975;794;122;2024-01-14 05:58:52;Ponto 5
976;529;65;2024-01-22 12:32:16;Ponto 35
977;954;131;2024-01-16 03:50:52;Ponto 23
978;1000;31;2024-01-11 21:49:00;Ponto 41
979;270;36;2024-01-30 19:30:46;Ponto 9
980;807;44;2024-01-24 13:01:53;Ponto 45
981;312;4;2024-01-08 05:42:47;Ponto 5
982;782;189;2024-01-07 21:33:59;Ponto 8
983;587;99;2024-01-10 17:53:51;Ponto 9
984;394;145;2024-01-02 06:33:11;Ponto 29
985;256;63;2024-01-11 23:36:51;Ponto 14
986;994;178;2024-01-10 19:06:42;Ponto 26
987;235;17;2024-01-04 18:04:05;Ponto 20
988;925;42;2024-01-05 10:06:34;Ponto 19
989;921;143;2024-01-26 17:32:37;Ponto 45
990;348;85;2024-01-28 19:03:36;Ponto 37
991;194;195;2024-01-14 00:57:36;Ponto 22
992;682;6;2024-01-31 07:33:41;Ponto 49
993;525;125;2024-01-06 19:45:26;Ponto 27
994;188;36;2024-01-11 23:25:57;Ponto 13
995;798;118;2024-01-07 22:29:24;Ponto 3
996;239;15;2024-01-25 20:20:47;Ponto 13
997;623;38;2024-01-10 06:20:50;Ponto 40
998;508;126;2024-01-13 11:46:22;Ponto 30
999;284;92;2024-01-12 18:34:03;Ponto 35
1000;300;25;2024-01-16 20:06:52;Ponto 32
